# B = brightest mass bin, L = leading fragment, M = main
# Time (s), B ht (km), B len (km), B vel (km/s), L ht (km), L len (km), L vel (km/s), L dyn press (Gamma = 1.0; MPa), M ht (km), M len (km), M vel (km/s), M dyn press (Gamma = 1.0; MPa), Tau total (%), Tau main (%), Tau grain (%), Abs mag total, Abs mag main, Abs mag grain, log10 Lum total (W), log10 Lum main (W), log10 Lum grain (W), log10 Electron line density (-/m), Mass total (kg), Mass main (kg)
5.00000e-03,1.79737e+02,3.00455e-01,6.00910e+01,1.79737e+02,3.00455e-01,6.00910e+01,1.80115e-06,1.79737e+02,3.00455e-01,6.00910e+01,1.80115e-06,7.00000e-03,7.00000e-03,0.00000e+00,1.08429e+01,1.08429e+01,inf,-1.41290e+00,-1.41290e+00,-inf,1.18824e+01,9.86985e-07,9.86985e-07
1.00000e-02,1.79473e+02,6.00910e-01,6.00910e+01,1.79473e+02,6.00910e-01,6.00910e+01,1.80778e-06,1.79473e+02,6.00910e-01,6.00910e+01,1.80778e-06,7.00000e-03,7.00000e-03,0.00000e+00,1.08390e+01,1.08390e+01,inf,-1.41131e+00,-1.41131e+00,-inf,1.18840e+01,9.86970e-07,9.86970e-07
1.50000e-02,1.79210e+02,9.01365e-01,6.00910e+01,1.79210e+02,9.01365e-01,6.00910e+01,1.81515e-06,1.79210e+02,9.01365e-01,6.00910e+01,1.81515e-06,7.00000e-03,7.00000e-03,0.00000e+00,1.08346e+01,1.08346e+01,inf,-1.40954e+00,-1.40954e+00,-inf,1.18857e+01,9.86955e-07,9.86955e-07
2.00000e-02,1.78946e+02,1.20182e+00,6.00910e+01,1.78946e+02,1.20182e+00,6.00910e+01,1.82327e-06,1.78946e+02,1.20182e+00,6.00910e+01,1.82327e-06,7.00000e-03,7.00000e-03,0.00000e+00,1.08297e+01,1.08297e+01,inf,-1.40761e+00,-1.40761e+00,-inf,1.18877e+01,9.86940e-07,9.86940e-07
2.50000e-02,1.78683e+02,1.50227e+00,6.00909e+01,1.78683e+02,1.50227e+00,6.00909e+01,1.83210e-06,1.78683e+02,1.50227e+00,6.00909e+01,1.83210e-06,7.00000e-03,7.00000e-03,0.00000e+00,1.08245e+01,1.08245e+01,inf,-1.40552e+00,-1.40552e+00,-inf,1.18898e+01,9.86925e-07,9.86925e-07
3.00000e-02,1.78419e+02,1.80273e+00,6.00909e+01,1.78419e+02,1.80273e+00,6.00909e+01,1.84165e-06,1.78419e+02,1.80273e+00,6.00909e+01,1.84165e-06,7.00000e-03,7.00000e-03,0.00000e+00,1.08189e+01,1.08189e+01,inf,-1.40326e+00,-1.40326e+00,-inf,1.18920e+01,9.86909e-07,9.86909e-07
3.50000e-02,1.78156e+02,2.10318e+00,6.00909e+01,1.78156e+02,2.10318e+00,6.00909e+01,1.85188e-06,1.78156e+02,2.10318e+00,6.00909e+01,1.85188e-06,7.00000e-03,7.00000e-03,0.00000e+00,1.08129e+01,1.08129e+01,inf,-1.40086e+00,-1.40086e+00,-inf,1.18944e+01,9.86894e-07,9.86894e-07
4.00000e-02,1.77893e+02,2.40364e+00,6.00909e+01,1.77893e+02,2.40364e+00,6.00909e+01,1.86279e-06,1.77893e+02,2.40364e+00,6.00909e+01,1.86279e-06,7.00000e-03,7.00000e-03,0.00000e+00,1.08065e+01,1.08065e+01,inf,-1.39831e+00,-1.39831e+00,-inf,1.18970e+01,9.86879e-07,9.86879e-07
4.50000e-02,1.77629e+02,2.70409e+00,6.00909e+01,1.77629e+02,2.70409e+00,6.00909e+01,1.87438e-06,1.77629e+02,2.70409e+00,6.00909e+01,1.87438e-06,7.00000e-03,7.00000e-03,0.00000e+00,1.07998e+01,1.07998e+01,inf,-1.39563e+00,-1.39563e+00,-inf,1.18997e+01,9.86863e-07,9.86863e-07
5.00000e-02,1.77366e+02,3.00455e+00,6.00909e+01,1.77366e+02,3.00455e+00,6.00909e+01,1.88662e-06,1.77366e+02,3.00455e+00,6.00909e+01,1.88662e-06,7.00000e-03,7.00000e-03,0.00000e+00,1.07927e+01,1.07927e+01,inf,-1.39281e+00,-1.39281e+00,-inf,1.19025e+01,9.86848e-07,9.86848e-07
5.50000e-02,1.77102e+02,3.30500e+00,6.00909e+01,1.77102e+02,3.30500e+00,6.00909e+01,1.89950e-06,1.77102e+02,3.30500e+00,6.00909e+01,1.89950e-06,7.00000e-03,7.00000e-03,0.00000e+00,1.07853e+01,1.07853e+01,inf,-1.38985e+00,-1.38985e+00,-inf,1.19054e+01,9.86832e-07,9.86832e-07
6.00000e-02,1.76839e+02,3.60546e+00,6.00909e+01,1.76839e+02,3.60546e+00,6.00909e+01,1.91302e-06,1.76839e+02,3.60546e+00,6.00909e+01,1.91302e-06,7.00000e-03,7.00000e-03,0.00000e+00,1.07776e+01,1.07776e+01,inf,-1.38678e+00,-1.38678e+00,-inf,1.19085e+01,9.86816e-07,9.86816e-07
6.50000e-02,1.76576e+02,3.90591e+00,6.00909e+01,1.76576e+02,3.90591e+00,6.00909e+01,1.92716e-06,1.76576e+02,3.90591e+00,6.00909e+01,1.92716e-06,7.00000e-03,7.00000e-03,0.00000e+00,1.07697e+01,1.07697e+01,inf,-1.38359e+00,-1.38359e+00,-inf,1.19117e+01,9.86800e-07,9.86800e-07
7.00000e-02,1.76312e+02,4.20636e+00,6.00908e+01,1.76312e+02,4.20636e+00,6.00908e+01,1.94192e-06,1.76312e+02,4.20636e+00,6.00908e+01,1.94192e-06,7.00000e-03,7.00000e-03,0.00000e+00,1.07614e+01,1.07614e+01,inf,-1.38028e+00,-1.38028e+00,-inf,1.19150e+01,9.86784e-07,9.86784e-07
7.50000e-02,1.76049e+02,4.50682e+00,6.00908e+01,1.76049e+02,4.50682e+00,6.00908e+01,1.95729e-06,1.76049e+02,4.50682e+00,6.00908e+01,1.95729e-06,7.00000e-03,7.00000e-03,0.00000e+00,1.07528e+01,1.07528e+01,inf,-1.37686e+00,-1.37686e+00,-inf,1.19184e+01,9.86768e-07,9.86768e-07
8.00000e-02,1.75786e+02,4.80727e+00,6.00908e+01,1.75786e+02,4.80727e+00,6.00908e+01,1.97326e-06,1.75786e+02,4.80727e+00,6.00908e+01,1.97326e-06,7.00000e-03,7.00000e-03,0.00000e+00,1.07440e+01,1.07440e+01,inf,-1.37334e+00,-1.37334e+00,-inf,1.19220e+01,9.86751e-07,9.86751e-07
8.50000e-02,1.75522e+02,5.10773e+00,6.00908e+01,1.75522e+02,5.10773e+00,6.00908e+01,1.98981e-06,1.75522e+02,5.10773e+00,6.00908e+01,1.98981e-06,7.00000e-03,7.00000e-03,0.00000e+00,1.07350e+01,1.07350e+01,inf,-1.36971e+00,-1.36971e+00,-inf,1.19256e+01,9.86735e-07,9.86735e-07
9.00000e-02,1.75259e+02,5.40818e+00,6.00908e+01,1.75259e+02,5.40818e+00,6.00908e+01,2.00696e-06,1.75259e+02,5.40818e+00,6.00908e+01,2.00696e-06,7.00000e-03,7.00000e-03,0.00000e+00,1.07257e+01,1.07257e+01,inf,-1.36599e+00,-1.36599e+00,-inf,1.19293e+01,9.86718e-07,9.86718e-07
9.50000e-02,1.74995e+02,5.70863e+00,6.00908e+01,1.74995e+02,5.70863e+00,6.00908e+01,2.02468e-06,1.74995e+02,5.70863e+00,6.00908e+01,2.02468e-06,7.00000e-03,7.00000e-03,0.00000e+00,1.07161e+01,1.07161e+01,inf,-1.36218e+00,-1.36218e+00,-inf,1.19331e+01,9.86701e-07,9.86701e-07
1.00000e-01,1.74732e+02,6.00909e+00,6.00908e+01,1.74732e+02,6.00909e+00,6.00908e+01,2.04296e-06,1.74732e+02,6.00909e+00,6.00908e+01,2.04296e-06,7.00000e-03,7.00000e-03,0.00000e+00,1.07064e+01,1.07064e+01,inf,-1.35828e+00,-1.35828e+00,-inf,1.19370e+01,9.86684e-07,9.86684e-07
1.05000e-01,1.74469e+02,6.30954e+00,6.00908e+01,1.74469e+02,6.30954e+00,6.00908e+01,2.06182e-06,1.74469e+02,6.30954e+00,6.00908e+01,2.06182e-06,7.00000e-03,7.00000e-03,0.00000e+00,1.06964e+01,1.06964e+01,inf,-1.35429e+00,-1.35429e+00,-inf,1.19410e+01,9.86667e-07,9.86667e-07
1.10000e-01,1.74205e+02,6.61000e+00,6.00907e+01,1.74205e+02,6.61000e+00,6.00907e+01,2.08123e-06,1.74205e+02,6.61000e+00,6.00907e+01,2.08123e-06,7.00000e-03,7.00000e-03,0.00000e+00,1.06863e+01,1.06863e+01,inf,-1.35023e+00,-1.35023e+00,-inf,1.19451e+01,9.86650e-07,9.86650e-07
1.15000e-01,1.73942e+02,6.91045e+00,6.00907e+01,1.73942e+02,6.91045e+00,6.00907e+01,2.10119e-06,1.73942e+02,6.91045e+00,6.00907e+01,2.10119e-06,7.00000e-03,7.00000e-03,0.00000e+00,1.06759e+01,1.06759e+01,inf,-1.34609e+00,-1.34609e+00,-inf,1.19492e+01,9.86633e-07,9.86633e-07
1.20000e-01,1.73679e+02,7.21090e+00,6.00907e+01,1.73679e+02,7.21090e+00,6.00907e+01,2.12170e-06,1.73679e+02,7.21090e+00,6.00907e+01,2.12170e-06,7.00000e-03,7.00000e-03,0.00000e+00,1.06654e+01,1.06654e+01,inf,-1.34188e+00,-1.34188e+00,-inf,1.19534e+01,9.86615e-07,9.86615e-07
1.25000e-01,1.73415e+02,7.51136e+00,6.00907e+01,1.73415e+02,7.51136e+00,6.00907e+01,2.14275e-06,1.73415e+02,7.51136e+00,6.00907e+01,2.14275e-06,7.00000e-03,7.00000e-03,0.00000e+00,1.06547e+01,1.06547e+01,inf,-1.33760e+00,-1.33760e+00,-inf,1.19577e+01,9.86597e-07,9.86597e-07
1.30000e-01,1.73152e+02,7.81181e+00,6.00907e+01,1.73152e+02,7.81181e+00,6.00907e+01,2.16433e-06,1.73152e+02,7.81181e+00,6.00907e+01,2.16433e-06,7.00000e-03,7.00000e-03,0.00000e+00,1.06438e+01,1.06438e+01,inf,-1.33325e+00,-1.33325e+00,-inf,1.19620e+01,9.86579e-07,9.86579e-07
1.35000e-01,1.72889e+02,8.11226e+00,6.00907e+01,1.72889e+02,8.11226e+00,6.00907e+01,2.18644e-06,1.72889e+02,8.11226e+00,6.00907e+01,2.18644e-06,7.00000e-03,7.00000e-03,0.00000e+00,1.06328e+01,1.06328e+01,inf,-1.32884e+00,-1.32884e+00,-inf,1.19664e+01,9.86561e-07,9.86561e-07
1.40000e-01,1.72625e+02,8.41272e+00,6.00907e+01,1.72625e+02,8.41272e+00,6.00907e+01,2.20908e-06,1.72625e+02,8.41272e+00,6.00907e+01,2.20908e-06,7.00000e-03,7.00000e-03,0.00000e+00,1.06216e+01,1.06216e+01,inf,-1.32437e+00,-1.32437e+00,-inf,1.19709e+01,9.86543e-07,9.86543e-07
1.45000e-01,1.72362e+02,8.71317e+00,6.00907e+01,1.72362e+02,8.71317e+00,6.00907e+01,2.23224e-06,1.72362e+02,8.71317e+00,6.00907e+01,2.23224e-06,7.00000e-03,7.00000e-03,0.00000e+00,1.06103e+01,1.06103e+01,inf,-1.31985e+00,-1.31985e+00,-inf,1.19754e+01,9.86525e-07,9.86525e-07
1.50000e-01,1.72099e+02,9.01362e+00,6.00906e+01,1.72099e+02,9.01362e+00,6.00906e+01,2.25592e-06,1.72099e+02,9.01362e+00,6.00906e+01,2.25592e-06,7.00000e-03,7.00000e-03,0.00000e+00,1.05989e+01,1.05989e+01,inf,-1.31527e+00,-1.31527e+00,-inf,1.19800e+01,9.86506e-07,9.86506e-07
1.55000e-01,1.71835e+02,9.31408e+00,6.00906e+01,1.71835e+02,9.31408e+00,6.00906e+01,2.28011e-06,1.71835e+02,9.31408e+00,6.00906e+01,2.28011e-06,7.00000e-03,7.00000e-03,0.00000e+00,1.05873e+01,1.05873e+01,inf,-1.31064e+00,-1.31064e+00,-inf,1.19846e+01,9.86487e-07,9.86487e-07
1.60000e-01,1.71572e+02,9.61453e+00,6.00906e+01,1.71572e+02,9.61453e+00,6.00906e+01,2.30480e-06,1.71572e+02,9.61453e+00,6.00906e+01,2.30480e-06,7.00000e-03,7.00000e-03,0.00000e+00,1.05756e+01,1.05756e+01,inf,-1.30597e+00,-1.30597e+00,-inf,1.19893e+01,9.86468e-07,9.86468e-07
1.65000e-01,1.71309e+02,9.91498e+00,6.00906e+01,1.71309e+02,9.91498e+00,6.00906e+01,2.33000e-06,1.71309e+02,9.91498e+00,6.00906e+01,2.33000e-06,7.00000e-03,7.00000e-03,0.00000e+00,1.05638e+01,1.05638e+01,inf,-1.30126e+00,-1.30126e+00,-inf,1.19940e+01,9.86449e-07,9.86449e-07
1.70000e-01,1.71045e+02,1.02154e+01,6.00906e+01,1.71045e+02,1.02154e+01,6.00906e+01,2.35570e-06,1.71045e+02,1.02154e+01,6.00906e+01,2.35570e-06,7.00000e-03,7.00000e-03,0.00000e+00,1.05519e+01,1.05519e+01,inf,-1.29650e+00,-1.29650e+00,-inf,1.19988e+01,9.86429e-07,9.86429e-07
1.75000e-01,1.70782e+02,1.05159e+01,6.00906e+01,1.70782e+02,1.05159e+01,6.00906e+01,2.38190e-06,1.70782e+02,1.05159e+01,6.00906e+01,2.38190e-06,7.00000e-03,7.00000e-03,0.00000e+00,1.05399e+01,1.05399e+01,inf,-1.29170e+00,-1.29170e+00,-inf,1.20036e+01,9.86409e-07,9.86409e-07
1.80000e-01,1.70519e+02,1.08163e+01,6.00906e+01,1.70519e+02,1.08163e+01,6.00906e+01,2.40859e-06,1.70519e+02,1.08163e+01,6.00906e+01,2.40859e-06,7.00000e-03,7.00000e-03,0.00000e+00,1.05279e+01,1.05279e+01,inf,-1.28687e+00,-1.28687e+00,-inf,1.20084e+01,9.86389e-07,9.86389e-07
1.85000e-01,1.70255e+02,1.11168e+01,6.00905e+01,1.70255e+02,1.11168e+01,6.00905e+01,2.43577e-06,1.70255e+02,1.11168e+01,6.00905e+01,2.43577e-06,7.00000e-03,7.00000e-03,0.00000e+00,1.05157e+01,1.05157e+01,inf,-1.28200e+00,-1.28200e+00,-inf,1.20133e+01,9.86369e-07,9.86369e-07
1.90000e-01,1.69992e+02,1.14172e+01,6.00905e+01,1.69992e+02,1.14172e+01,6.00905e+01,2.46343e-06,1.69992e+02,1.14172e+01,6.00905e+01,2.46343e-06,7.00000e-03,7.00000e-03,0.00000e+00,1.05035e+01,1.05035e+01,inf,-1.27710e+00,-1.27710e+00,-inf,1.20182e+01,9.86349e-07,9.86349e-07
1.95000e-01,1.69729e+02,1.17177e+01,6.00905e+01,1.69729e+02,1.17177e+01,6.00905e+01,2.49157e-06,1.69729e+02,1.17177e+01,6.00905e+01,2.49157e-06,7.00000e-03,7.00000e-03,0.00000e+00,1.04911e+01,1.04911e+01,inf,-1.27218e+00,-1.27218e+00,-inf,1.20231e+01,9.86328e-07,9.86328e-07
2.00000e-01,1.69466e+02,1.20182e+01,6.00905e+01,1.69466e+02,1.20182e+01,6.00905e+01,2.52020e-06,1.69466e+02,1.20182e+01,6.00905e+01,2.52020e-06,7.00000e-03,7.00000e-03,0.00000e+00,1.04787e+01,1.04787e+01,inf,-1.26722e+00,-1.26722e+00,-inf,1.20281e+01,9.86307e-07,9.86307e-07
2.05000e-01,1.69202e+02,1.23186e+01,6.00905e+01,1.69202e+02,1.23186e+01,6.00905e+01,2.54930e-06,1.69202e+02,1.23186e+01,6.00905e+01,2.54930e-06,7.00000e-03,7.00000e-03,0.00000e+00,1.04663e+01,1.04663e+01,inf,-1.26224e+00,-1.26224e+00,-inf,1.20330e+01,9.86286e-07,9.86286e-07
2.10000e-01,1.68939e+02,1.26191e+01,6.00905e+01,1.68939e+02,1.26191e+01,6.00905e+01,2.57888e-06,1.68939e+02,1.26191e+01,6.00905e+01,2.57888e-06,7.00000e-03,7.00000e-03,0.00000e+00,1.04538e+01,1.04538e+01,inf,-1.25724e+00,-1.25724e+00,-inf,1.20381e+01,9.86265e-07,9.86265e-07
2.15000e-01,1.68676e+02,1.29195e+01,6.00904e+01,1.68676e+02,1.29195e+01,6.00904e+01,2.60892e-06,1.68676e+02,1.29195e+01,6.00904e+01,2.60892e-06,7.00000e-03,7.00000e-03,0.00000e+00,1.04412e+01,1.04412e+01,inf,-1.25221e+00,-1.25221e+00,-inf,1.20431e+01,9.86243e-07,9.86243e-07
2.20000e-01,1.68412e+02,1.32200e+01,6.00904e+01,1.68412e+02,1.32200e+01,6.00904e+01,2.63943e-06,1.68412e+02,1.32200e+01,6.00904e+01,2.63943e-06,7.00000e-03,7.00000e-03,0.00000e+00,1.04286e+01,1.04286e+01,inf,-1.24717e+00,-1.24717e+00,-inf,1.20481e+01,9.86221e-07,9.86221e-07
2.25000e-01,1.68149e+02,1.35204e+01,6.00904e+01,1.68149e+02,1.35204e+01,6.00904e+01,2.67041e-06,1.68149e+02,1.35204e+01,6.00904e+01,2.67041e-06,7.00000e-03,7.00000e-03,0.00000e+00,1.04160e+01,1.04160e+01,inf,-1.24211e+00,-1.24211e+00,-inf,1.20532e+01,9.86199e-07,9.86199e-07
2.30000e-01,1.67886e+02,1.38209e+01,6.00904e+01,1.67886e+02,1.38209e+01,6.00904e+01,2.70186e-06,1.67886e+02,1.38209e+01,6.00904e+01,2.70186e-06,7.00000e-03,7.00000e-03,0.00000e+00,1.04033e+01,1.04033e+01,inf,-1.23703e+00,-1.23703e+00,-inf,1.20583e+01,9.86177e-07,9.86177e-07
2.35000e-01,1.67623e+02,1.41213e+01,6.00904e+01,1.67623e+02,1.41213e+01,6.00904e+01,2.73376e-06,1.67623e+02,1.41213e+01,6.00904e+01,2.73376e-06,7.00000e-03,7.00000e-03,0.00000e+00,1.03906e+01,1.03906e+01,inf,-1.23194e+00,-1.23194e+00,-inf,1.20633e+01,9.86154e-07,9.86154e-07
2.40000e-01,1.67359e+02,1.44218e+01,6.00904e+01,1.67359e+02,1.44218e+01,6.00904e+01,2.76612e-06,1.67359e+02,1.44218e+01,6.00904e+01,2.76612e-06,7.00000e-03,7.00000e-03,0.00000e+00,1.03778e+01,1.03778e+01,inf,-1.22684e+00,-1.22684e+00,-inf,1.20685e+01,9.86131e-07,9.86131e-07
2.45000e-01,1.67096e+02,1.47222e+01,6.00903e+01,1.67096e+02,1.47222e+01,6.00903e+01,2.79894e-06,1.67096e+02,1.47222e+01,6.00903e+01,2.79894e-06,7.00000e-03,7.00000e-03,0.00000e+00,1.03650e+01,1.03650e+01,inf,-1.22172e+00,-1.22172e+00,-inf,1.20736e+01,9.86108e-07,9.86108e-07
2.50000e-01,1.66833e+02,1.50227e+01,6.00903e+01,1.66833e+02,1.50227e+01,6.00903e+01,2.83222e-06,1.66833e+02,1.50227e+01,6.00903e+01,2.83222e-06,7.00000e-03,7.00000e-03,0.00000e+00,1.03522e+01,1.03522e+01,inf,-1.21660e+00,-1.21660e+00,-inf,1.20787e+01,9.86084e-07,9.86084e-07
2.55000e-01,1.66569e+02,1.53231e+01,6.00903e+01,1.66569e+02,1.53231e+01,6.00903e+01,2.86595e-06,1.66569e+02,1.53231e+01,6.00903e+01,2.86595e-06,7.00000e-03,7.00000e-03,0.00000e+00,1.03394e+01,1.03394e+01,inf,-1.21146e+00,-1.21146e+00,-inf,1.20838e+01,9.86061e-07,9.86061e-07
2.60000e-01,1.66306e+02,1.56236e+01,6.00903e+01,1.66306e+02,1.56236e+01,6.00903e+01,2.90014e-06,1.66306e+02,1.56236e+01,6.00903e+01,2.90014e-06,7.00000e-03,7.00000e-03,0.00000e+00,1.03265e+01,1.03265e+01,inf,-1.20632e+00,-1.20632e+00,-inf,1.20890e+01,9.86037e-07,9.86037e-07
2.65000e-01,1.66043e+02,1.59240e+01,6.00903e+01,1.66043e+02,1.59240e+01,6.00903e+01,2.93477e-06,1.66043e+02,1.59240e+01,6.00903e+01,2.93477e-06,7.00000e-03,7.00000e-03,0.00000e+00,1.03136e+01,1.03136e+01,inf,-1.20117e+00,-1.20117e+00,-inf,1.20941e+01,9.86012e-07,9.86012e-07
2.70000e-01,1.65780e+02,1.62245e+01,6.00903e+01,1.65780e+02,1.62245e+01,6.00903e+01,2.96986e-06,1.65780e+02,1.62245e+01,6.00903e+01,2.96986e-06,7.00000e-03,7.00000e-03,0.00000e+00,1.03007e+01,1.03007e+01,inf,-1.19602e+00,-1.19602e+00,-inf,1.20993e+01,9.85988e-07,9.85988e-07
2.75000e-01,1.65516e+02,1.65249e+01,6.00902e+01,1.65516e+02,1.65249e+01,6.00902e+01,3.00539e-06,1.65516e+02,1.65249e+01,6.00902e+01,3.00539e-06,7.00000e-03,7.00000e-03,0.00000e+00,1.02878e+01,1.02878e+01,inf,-1.19086e+00,-1.19086e+00,-inf,1.21044e+01,9.85963e-07,9.85963e-07
2.80000e-01,1.65253e+02,1.68254e+01,6.00902e+01,1.65253e+02,1.68254e+01,6.00902e+01,3.04138e-06,1.65253e+02,1.68254e+01,6.00902e+01,3.04138e-06,7.00000e-03,7.00000e-03,0.00000e+00,1.02749e+01,1.02749e+01,inf,-1.18570e+00,-1.18570e+00,-inf,1.21096e+01,9.85938e-07,9.85938e-07
2.85000e-01,1.64990e+02,1.71258e+01,6.00902e+01,1.64990e+02,1.71258e+01,6.00902e+01,3.07782e-06,1.64990e+02,1.71258e+01,6.00902e+01,3.07782e-06,7.00000e-03,7.00000e-03,0.00000e+00,1.02620e+01,1.02620e+01,inf,-1.18053e+00,-1.18053e+00,-inf,1.21148e+01,9.85912e-07,9.85912e-07
2.90000e-01,1.64727e+02,1.74263e+01,6.00902e+01,1.64727e+02,1.74263e+01,6.00902e+01,3.11470e-06,1.64727e+02,1.74263e+01,6.00902e+01,3.11470e-06,7.00000e-03,7.00000e-03,0.00000e+00,1.02491e+01,1.02491e+01,inf,-1.17537e+00,-1.17537e+00,-inf,1.21199e+01,9.85886e-07,9.85886e-07
2.95000e-01,1.64463e+02,1.77267e+01,6.00902e+01,1.64463e+02,1.77267e+01,6.00902e+01,3.15204e-06,1.64463e+02,1.77267e+01,6.00902e+01,3.15204e-06,7.00000e-03,7.00000e-03,0.00000e+00,1.02362e+01,1.02362e+01,inf,-1.17020e+00,-1.17020e+00,-inf,1.21251e+01,9.85860e-07,9.85860e-07
3.00000e-01,1.64200e+02,1.80272e+01,6.00901e+01,1.64200e+02,1.80272e+01,6.00901e+01,3.18982e-06,1.64200e+02,1.80272e+01,6.00901e+01,3.18982e-06,7.00000e-03,7.00000e-03,0.00000e+00,1.02233e+01,1.02233e+01,inf,-1.16503e+00,-1.16503e+00,-inf,1.21303e+01,9.85834e-07,9.85834e-07
3.05000e-01,1.63937e+02,1.83276e+01,6.00901e+01,1.63937e+02,1.83276e+01,6.00901e+01,3.22806e-06,1.63937e+02,1.83276e+01,6.00901e+01,3.22806e-06,7.00000e-03,7.00000e-03,0.00000e+00,1.02104e+01,1.02104e+01,inf,-1.15987e+00,-1.15987e+00,-inf,1.21354e+01,9.85807e-07,9.85807e-07
3.10000e-01,1.63674e+02,1.86281e+01,6.00901e+01,1.63674e+02,1.86281e+01,6.00901e+01,3.26675e-06,1.63674e+02,1.86281e+01,6.00901e+01,3.26675e-06,7.00000e-03,7.00000e-03,0.00000e+00,1.01975e+01,1.01975e+01,inf,-1.15470e+00,-1.15470e+00,-inf,1.21406e+01,9.85780e-07,9.85780e-07
3.15000e-01,1.63411e+02,1.89285e+01,6.00901e+01,1.63411e+02,1.89285e+01,6.00901e+01,3.30589e-06,1.63411e+02,1.89285e+01,6.00901e+01,3.30589e-06,7.00000e-03,7.00000e-03,0.00000e+00,1.01845e+01,1.01845e+01,inf,-1.14954e+00,-1.14954e+00,-inf,1.21458e+01,9.85753e-07,9.85753e-07
3.20000e-01,1.63147e+02,1.92290e+01,6.00901e+01,1.63147e+02,1.92290e+01,6.00901e+01,3.34549e-06,1.63147e+02,1.92290e+01,6.00901e+01,3.34549e-06,7.00000e-03,7.00000e-03,0.00000e+00,1.01716e+01,1.01716e+01,inf,-1.14437e+00,-1.14437e+00,-inf,1.21509e+01,9.85725e-07,9.85725e-07
3.25000e-01,1.62884e+02,1.95294e+01,6.00900e+01,1.62884e+02,1.95294e+01,6.00900e+01,3.38555e-06,1.62884e+02,1.95294e+01,6.00900e+01,3.38555e-06,7.00000e-03,7.00000e-03,0.00000e+00,1.01587e+01,1.01587e+01,inf,-1.13921e+00,-1.13921e+00,-inf,1.21561e+01,9.85697e-07,9.85697e-07
3.30000e-01,1.62621e+02,1.98299e+01,6.00900e+01,1.62621e+02,1.98299e+01,6.00900e+01,3.42606e-06,1.62621e+02,1.98299e+01,6.00900e+01,3.42606e-06,7.00000e-03,7.00000e-03,0.00000e+00,1.01458e+01,1.01458e+01,inf,-1.13406e+00,-1.13406e+00,-inf,1.21612e+01,9.85669e-07,9.85669e-07
3.35000e-01,1.62358e+02,2.01303e+01,6.00900e+01,1.62358e+02,2.01303e+01,6.00900e+01,3.46704e-06,1.62358e+02,2.01303e+01,6.00900e+01,3.46704e-06,7.00000e-03,7.00000e-03,0.00000e+00,1.01330e+01,1.01330e+01,inf,-1.12890e+00,-1.12890e+00,-inf,1.21664e+01,9.85640e-07,9.85640e-07
3.40000e-01,1.62094e+02,2.04308e+01,6.00900e+01,1.62094e+02,2.04308e+01,6.00900e+01,3.50848e-06,1.62094e+02,2.04308e+01,6.00900e+01,3.50848e-06,7.00000e-03,7.00000e-03,0.00000e+00,1.01201e+01,1.01201e+01,inf,-1.12375e+00,-1.12375e+00,-inf,1.21715e+01,9.85611e-07,9.85611e-07
3.45000e-01,1.61831e+02,2.07312e+01,6.00900e+01,1.61831e+02,2.07312e+01,6.00900e+01,3.55039e-06,1.61831e+02,2.07312e+01,6.00900e+01,3.55039e-06,7.00000e-03,7.00000e-03,0.00000e+00,1.01072e+01,1.01072e+01,inf,-1.11860e+00,-1.11860e+00,-inf,1.21767e+01,9.85581e-07,9.85581e-07
3.50000e-01,1.61568e+02,2.10317e+01,6.00899e+01,1.61568e+02,2.10317e+01,6.00899e+01,3.59277e-06,1.61568e+02,2.10317e+01,6.00899e+01,3.59277e-06,7.00000e-03,7.00000e-03,0.00000e+00,1.00943e+01,1.00943e+01,inf,-1.11346e+00,-1.11346e+00,-inf,1.21818e+01,9.85552e-07,9.85552e-07
3.55000e-01,1.61305e+02,2.13321e+01,6.00899e+01,1.61305e+02,2.13321e+01,6.00899e+01,3.63563e-06,1.61305e+02,2.13321e+01,6.00899e+01,3.63563e-06,7.00000e-03,7.00000e-03,0.00000e+00,1.00815e+01,1.00815e+01,inf,-1.10832e+00,-1.10832e+00,-inf,1.21870e+01,9.85522e-07,9.85522e-07
3.60000e-01,1.61042e+02,2.16326e+01,6.00899e+01,1.61042e+02,2.16326e+01,6.00899e+01,3.67897e-06,1.61042e+02,2.16326e+01,6.00899e+01,3.67897e-06,7.00000e-03,7.00000e-03,0.00000e+00,1.00686e+01,1.00686e+01,inf,-1.10318e+00,-1.10318e+00,-inf,1.21921e+01,9.85491e-07,9.85491e-07
3.65000e-01,1.60778e+02,2.19330e+01,6.00899e+01,1.60778e+02,2.19330e+01,6.00899e+01,3.72280e-06,1.60778e+02,2.19330e+01,6.00899e+01,3.72280e-06,7.00000e-03,7.00000e-03,0.00000e+00,1.00558e+01,1.00558e+01,inf,-1.09805e+00,-1.09805e+00,-inf,1.21972e+01,9.85460e-07,9.85460e-07
3.70000e-01,1.60515e+02,2.22335e+01,6.00899e+01,1.60515e+02,2.22335e+01,6.00899e+01,3.76712e-06,1.60515e+02,2.22335e+01,6.00899e+01,3.76712e-06,7.00000e-03,7.00000e-03,0.00000e+00,1.00430e+01,1.00430e+01,inf,-1.09292e+00,-1.09292e+00,-inf,1.22024e+01,9.85429e-07,9.85429e-07
3.75000e-01,1.60252e+02,2.25339e+01,6.00898e+01,1.60252e+02,2.25339e+01,6.00898e+01,3.81194e-06,1.60252e+02,2.25339e+01,6.00898e+01,3.81194e-06,7.00000e-03,7.00000e-03,0.00000e+00,1.00302e+01,1.00302e+01,inf,-1.08779e+00,-1.08779e+00,-inf,1.22075e+01,9.85398e-07,9.85398e-07
3.80000e-01,1.59989e+02,2.28344e+01,6.00898e+01,1.59989e+02,2.28344e+01,6.00898e+01,3.85726e-06,1.59989e+02,2.28344e+01,6.00898e+01,3.85726e-06,7.00000e-03,7.00000e-03,0.00000e+00,1.00174e+01,1.00174e+01,inf,-1.08267e+00,-1.08267e+00,-inf,1.22126e+01,9.85366e-07,9.85366e-07
3.85000e-01,1.59726e+02,2.31348e+01,6.00898e+01,1.59726e+02,2.31348e+01,6.00898e+01,3.90309e-06,1.59726e+02,2.31348e+01,6.00898e+01,3.90309e-06,7.00000e-03,7.00000e-03,0.00000e+00,1.00046e+01,1.00046e+01,inf,-1.07755e+00,-1.07755e+00,-inf,1.22177e+01,9.85333e-07,9.85333e-07
3.90000e-01,1.59463e+02,2.34353e+01,6.00898e+01,1.59463e+02,2.34353e+01,6.00898e+01,3.94944e-06,1.59463e+02,2.34353e+01,6.00898e+01,3.94944e-06,7.00000e-03,7.00000e-03,0.00000e+00,9.99177e+00,9.99177e+00,inf,-1.07243e+00,-1.07243e+00,-inf,1.22229e+01,9.85301e-07,9.85301e-07
3.95000e-01,1.59199e+02,2.37357e+01,6.00897e+01,1.59199e+02,2.37357e+01,6.00897e+01,3.99632e-06,1.59199e+02,2.37357e+01,6.00897e+01,3.99632e-06,7.00000e-03,7.00000e-03,0.00000e+00,9.97898e+00,9.97898e+00,inf,-1.06731e+00,-1.06731e+00,-inf,1.22280e+01,9.85268e-07,9.85268e-07
4.00000e-01,1.58936e+02,2.40362e+01,6.00897e+01,1.58936e+02,2.40362e+01,6.00897e+01,4.04374e-06,1.58936e+02,2.40362e+01,6.00897e+01,4.04374e-06,7.00000e-03,7.00000e-03,0.00000e+00,9.96620e+00,9.96620e+00,inf,-1.06220e+00,-1.06220e+00,-inf,1.22331e+01,9.85234e-07,9.85234e-07
4.05000e-01,1.58673e+02,2.43366e+01,6.00897e+01,1.58673e+02,2.43366e+01,6.00897e+01,4.09169e-06,1.58673e+02,2.43366e+01,6.00897e+01,4.09169e-06,7.00000e-03,7.00000e-03,0.00000e+00,9.95343e+00,9.95343e+00,inf,-1.05709e+00,-1.05709e+00,-inf,1.22382e+01,9.85200e-07,9.85200e-07
4.10000e-01,1.58410e+02,2.46371e+01,6.00897e+01,1.58410e+02,2.46371e+01,6.00897e+01,4.14021e-06,1.58410e+02,2.46371e+01,6.00897e+01,4.14021e-06,7.00000e-03,7.00000e-03,0.00000e+00,9.94066e+00,9.94066e+00,inf,-1.05198e+00,-1.05198e+00,-inf,1.22433e+01,9.85166e-07,9.85166e-07
4.15000e-01,1.58147e+02,2.49375e+01,6.00896e+01,1.58147e+02,2.49375e+01,6.00896e+01,4.18928e-06,1.58147e+02,2.49375e+01,6.00896e+01,4.18928e-06,7.00000e-03,7.00000e-03,0.00000e+00,9.92789e+00,9.92789e+00,inf,-1.04688e+00,-1.04688e+00,-inf,1.22484e+01,9.85131e-07,9.85131e-07
4.20000e-01,1.57884e+02,2.52380e+01,6.00896e+01,1.57884e+02,2.52380e+01,6.00896e+01,4.23894e-06,1.57884e+02,2.52380e+01,6.00896e+01,4.23894e-06,7.00000e-03,7.00000e-03,0.00000e+00,9.91513e+00,9.91513e+00,inf,-1.04177e+00,-1.04177e+00,-inf,1.22535e+01,9.85096e-07,9.85096e-07
4.25000e-01,1.57620e+02,2.55384e+01,6.00896e+01,1.57620e+02,2.55384e+01,6.00896e+01,4.28918e-06,1.57620e+02,2.55384e+01,6.00896e+01,4.28918e-06,7.00000e-03,7.00000e-03,0.00000e+00,9.90236e+00,9.90236e+00,inf,-1.03666e+00,-1.03666e+00,-inf,1.22586e+01,9.85061e-07,9.85061e-07
4.30000e-01,1.57357e+02,2.58389e+01,6.00896e+01,1.57357e+02,2.58389e+01,6.00896e+01,4.34002e-06,1.57357e+02,2.58389e+01,6.00896e+01,4.34002e-06,7.00000e-03,7.00000e-03,0.00000e+00,9.88959e+00,9.88959e+00,inf,-1.03156e+00,-1.03156e+00,-inf,1.22637e+01,9.85025e-07,9.85025e-07
4.35000e-01,1.57094e+02,2.61393e+01,6.00895e+01,1.57094e+02,2.61393e+01,6.00895e+01,4.39147e-06,1.57094e+02,2.61393e+01,6.00895e+01,4.39147e-06,7.00000e-03,7.00000e-03,0.00000e+00,9.87683e+00,9.87683e+00,inf,-1.02645e+00,-1.02645e+00,-inf,1.22688e+01,9.84988e-07,9.84988e-07
4.40000e-01,1.56831e+02,2.64398e+01,6.00895e+01,1.56831e+02,2.64398e+01,6.00895e+01,4.44354e-06,1.56831e+02,2.64398e+01,6.00895e+01,4.44354e-06,7.00000e-03,7.00000e-03,0.00000e+00,9.86406e+00,9.86406e+00,inf,-1.02134e+00,-1.02134e+00,-inf,1.22740e+01,9.84952e-07,9.84952e-07
4.45000e-01,1.56568e+02,2.67402e+01,6.00895e+01,1.56568e+02,2.67402e+01,6.00895e+01,4.49626e-06,1.56568e+02,2.67402e+01,6.00895e+01,4.49626e-06,7.00000e-03,7.00000e-03,0.00000e+00,9.85128e+00,9.85128e+00,inf,-1.01623e+00,-1.01623e+00,-inf,1.22791e+01,9.84914e-07,9.84914e-07
4.50000e-01,1.56305e+02,2.70407e+01,6.00894e+01,1.56305e+02,2.70407e+01,6.00894e+01,4.54963e-06,1.56305e+02,2.70407e+01,6.00894e+01,4.54963e-06,7.00000e-03,7.00000e-03,0.00000e+00,9.83850e+00,9.83850e+00,inf,-1.01112e+00,-1.01112e+00,-inf,1.22842e+01,9.84877e-07,9.84877e-07
4.55000e-01,1.56042e+02,2.73411e+01,6.00894e+01,1.56042e+02,2.73411e+01,6.00894e+01,4.60367e-06,1.56042e+02,2.73411e+01,6.00894e+01,4.60367e-06,7.00000e-03,7.00000e-03,0.00000e+00,9.82571e+00,9.82571e+00,inf,-1.00600e+00,-1.00600e+00,-inf,1.22893e+01,9.84839e-07,9.84839e-07
4.60000e-01,1.55779e+02,2.76415e+01,6.00894e+01,1.55779e+02,2.76415e+01,6.00894e+01,4.65839e-06,1.55779e+02,2.76415e+01,6.00894e+01,4.65839e-06,7.00000e-03,7.00000e-03,0.00000e+00,9.81291e+00,9.81291e+00,inf,-1.00088e+00,-1.00088e+00,-inf,1.22944e+01,9.84800e-07,9.84800e-07
4.65000e-01,1.55515e+02,2.79420e+01,6.00894e+01,1.55515e+02,2.79420e+01,6.00894e+01,4.71382e-06,1.55515e+02,2.79420e+01,6.00894e+01,4.71382e-06,7.00000e-03,7.00000e-03,0.00000e+00,9.80009e+00,9.80009e+00,inf,-9.95758e-01,-9.95758e-01,-inf,1.22995e+01,9.84761e-07,9.84761e-07
4.70000e-01,1.55252e+02,2.82424e+01,6.00893e+01,1.55252e+02,2.82424e+01,6.00893e+01,4.76998e-06,1.55252e+02,2.82424e+01,6.00893e+01,4.76998e-06,7.00000e-03,7.00000e-03,0.00000e+00,9.78727e+00,9.78727e+00,inf,-9.90627e-01,-9.90627e-01,-inf,1.23047e+01,9.84722e-07,9.84722e-07
4.75000e-01,1.54989e+02,2.85429e+01,6.00893e+01,1.54989e+02,2.85429e+01,6.00893e+01,4.82687e-06,1.54989e+02,2.85429e+01,6.00893e+01,4.82687e-06,7.00000e-03,7.00000e-03,0.00000e+00,9.77442e+00,9.77442e+00,inf,-9.85490e-01,-9.85490e-01,-inf,1.23098e+01,9.84682e-07,9.84682e-07
4.80000e-01,1.54726e+02,2.88433e+01,6.00893e+01,1.54726e+02,2.88433e+01,6.00893e+01,4.88452e-06,1.54726e+02,2.88433e+01,6.00893e+01,4.88452e-06,7.00000e-03,7.00000e-03,0.00000e+00,9.76156e+00,9.76156e+00,inf,-9.80346e-01,-9.80346e-01,-inf,1.23150e+01,9.84641e-07,9.84641e-07
4.85000e-01,1.54463e+02,2.91438e+01,6.00892e+01,1.54463e+02,2.91438e+01,6.00892e+01,4.94296e-06,1.54463e+02,2.91438e+01,6.00892e+01,4.94296e-06,7.00000e-03,7.00000e-03,0.00000e+00,9.74868e+00,9.74868e+00,inf,-9.75194e-01,-9.75194e-01,-inf,1.23201e+01,9.84600e-07,9.84600e-07
4.90000e-01,1.54200e+02,2.94442e+01,6.00892e+01,1.54200e+02,2.94442e+01,6.00892e+01,5.00219e-06,1.54200e+02,2.94442e+01,6.00892e+01,5.00219e-06,7.00000e-03,7.00000e-03,0.00000e+00,9.73578e+00,9.73578e+00,inf,-9.70033e-01,-9.70033e-01,-inf,1.23253e+01,9.84559e-07,9.84559e-07
4.95000e-01,1.53937e+02,2.97447e+01,6.00892e+01,1.53937e+02,2.97447e+01,6.00892e+01,5.06226e-06,1.53937e+02,2.97447e+01,6.00892e+01,5.06226e-06,7.00000e-03,7.00000e-03,0.00000e+00,9.72285e+00,9.72285e+00,inf,-9.64862e-01,-9.64862e-01,-inf,1.23304e+01,9.84517e-07,9.84517e-07
5.00000e-01,1.53674e+02,3.00451e+01,6.00892e+01,1.53674e+02,3.00451e+01,6.00892e+01,5.12317e-06,1.53674e+02,3.00451e+01,6.00892e+01,5.12317e-06,7.00000e-03,7.00000e-03,0.00000e+00,9.70990e+00,9.70990e+00,inf,-9.59681e-01,-9.59681e-01,-inf,1.23356e+01,9.84475e-07,9.84475e-07
5.05000e-01,1.53411e+02,3.03456e+01,6.00891e+01,1.53411e+02,3.03456e+01,6.00891e+01,5.18495e-06,1.53411e+02,3.03456e+01,6.00891e+01,5.18495e-06,7.00000e-03,7.00000e-03,0.00000e+00,9.69692e+00,9.69692e+00,inf,-9.54488e-01,-9.54488e-01,-inf,1.23408e+01,9.84432e-07,9.84432e-07
5.10000e-01,1.53147e+02,3.06460e+01,6.00891e+01,1.53147e+02,3.06460e+01,6.00891e+01,5.24763e-06,1.53147e+02,3.06460e+01,6.00891e+01,5.24763e-06,7.00000e-03,7.00000e-03,0.00000e+00,9.68390e+00,9.68390e+00,inf,-9.49282e-01,-9.49282e-01,-inf,1.23460e+01,9.84388e-07,9.84388e-07
5.15000e-01,1.52884e+02,3.09465e+01,6.00891e+01,1.52884e+02,3.09465e+01,6.00891e+01,5.31124e-06,1.52884e+02,3.09465e+01,6.00891e+01,5.31124e-06,7.00000e-03,7.00000e-03,0.00000e+00,9.67086e+00,9.67086e+00,inf,-9.44064e-01,-9.44064e-01,-inf,1.23512e+01,9.84344e-07,9.84344e-07
5.20000e-01,1.52621e+02,3.12469e+01,6.00890e+01,1.52621e+02,3.12469e+01,6.00890e+01,5.37579e-06,1.52621e+02,3.12469e+01,6.00890e+01,5.37579e-06,7.00000e-03,7.00000e-03,0.00000e+00,9.65777e+00,9.65777e+00,inf,-9.38830e-01,-9.38830e-01,-inf,1.23565e+01,9.84300e-07,9.84300e-07
5.25000e-01,1.52358e+02,3.15473e+01,6.00890e+01,1.52358e+02,3.15473e+01,6.00890e+01,5.44133e-06,1.52358e+02,3.15473e+01,6.00890e+01,5.44133e-06,7.00000e-03,7.00000e-03,0.00000e+00,9.64465e+00,9.64465e+00,inf,-9.33582e-01,-9.33582e-01,-inf,1.23617e+01,9.84255e-07,9.84255e-07
5.30000e-01,1.52095e+02,3.18478e+01,6.00890e+01,1.52095e+02,3.18478e+01,6.00890e+01,5.50788e-06,1.52095e+02,3.18478e+01,6.00890e+01,5.50788e-06,7.00000e-03,7.00000e-03,0.00000e+00,9.63149e+00,9.63149e+00,inf,-9.28316e-01,-9.28316e-01,-inf,1.23670e+01,9.84209e-07,9.84209e-07
5.35000e-01,1.51832e+02,3.21482e+01,6.00889e+01,1.51832e+02,3.21482e+01,6.00889e+01,5.57547e-06,1.51832e+02,3.21482e+01,6.00889e+01,5.57547e-06,7.00000e-03,7.00000e-03,0.00000e+00,9.61828e+00,9.61828e+00,inf,-9.23034e-01,-9.23034e-01,-inf,1.23723e+01,9.84163e-07,9.84163e-07
5.40000e-01,1.51569e+02,3.24487e+01,6.00889e+01,1.51569e+02,3.24487e+01,6.00889e+01,5.64413e-06,1.51569e+02,3.24487e+01,6.00889e+01,5.64413e-06,7.00000e-03,7.00000e-03,0.00000e+00,9.60503e+00,9.60503e+00,inf,-9.17732e-01,-9.17732e-01,-inf,1.23776e+01,9.84116e-07,9.84116e-07
5.45000e-01,1.51306e+02,3.27491e+01,6.00889e+01,1.51306e+02,3.27491e+01,6.00889e+01,5.71390e-06,1.51306e+02,3.27491e+01,6.00889e+01,5.71390e-06,7.00000e-03,7.00000e-03,0.00000e+00,9.59173e+00,9.59173e+00,inf,-9.12412e-01,-9.12412e-01,-inf,1.23829e+01,9.84069e-07,9.84069e-07
5.50000e-01,1.51043e+02,3.30496e+01,6.00888e+01,1.51043e+02,3.30496e+01,6.00888e+01,5.78481e-06,1.51043e+02,3.30496e+01,6.00888e+01,5.78481e-06,7.00000e-03,7.00000e-03,0.00000e+00,9.57837e+00,9.57837e+00,inf,-9.07070e-01,-9.07070e-01,-inf,1.23882e+01,9.84021e-07,9.84021e-07
5.55000e-01,1.50780e+02,3.33500e+01,6.00888e+01,1.50780e+02,3.33500e+01,6.00888e+01,5.85689e-06,1.50780e+02,3.33500e+01,6.00888e+01,5.85689e-06,7.00000e-03,7.00000e-03,0.00000e+00,9.56496e+00,9.56496e+00,inf,-9.01707e-01,-9.01707e-01,-inf,1.23936e+01,9.83973e-07,9.83973e-07
5.60000e-01,1.50517e+02,3.36505e+01,6.00887e+01,1.50517e+02,3.36505e+01,6.00887e+01,5.93019e-06,1.50517e+02,3.36505e+01,6.00887e+01,5.93019e-06,7.00000e-03,7.00000e-03,0.00000e+00,9.55150e+00,9.55150e+00,inf,-8.96320e-01,-8.96320e-01,-inf,1.23990e+01,9.83924e-07,9.83924e-07
5.65000e-01,1.50254e+02,3.39509e+01,6.00887e+01,1.50254e+02,3.39509e+01,6.00887e+01,6.00474e-06,1.50254e+02,3.39509e+01,6.00887e+01,6.00474e-06,7.00000e-03,7.00000e-03,0.00000e+00,9.53797e+00,9.53797e+00,inf,-8.90910e-01,-8.90910e-01,-inf,1.24044e+01,9.83874e-07,9.83874e-07
5.70000e-01,1.49991e+02,3.42513e+01,6.00887e+01,1.49991e+02,3.42513e+01,6.00887e+01,6.08058e-06,1.49991e+02,3.42513e+01,6.00887e+01,6.08058e-06,7.00000e-03,7.00000e-03,0.00000e+00,9.52438e+00,9.52438e+00,inf,-8.85475e-01,-8.85475e-01,-inf,1.24098e+01,9.83824e-07,9.83824e-07
5.75000e-01,1.49728e+02,3.45518e+01,6.00886e+01,1.49728e+02,3.45518e+01,6.00886e+01,6.15775e-06,1.49728e+02,3.45518e+01,6.00886e+01,6.15775e-06,7.00000e-03,7.00000e-03,0.00000e+00,9.51073e+00,9.51073e+00,inf,-8.80013e-01,-8.80013e-01,-inf,1.24153e+01,9.83773e-07,9.83773e-07
5.80000e-01,1.49464e+02,3.48522e+01,6.00886e+01,1.49464e+02,3.48522e+01,6.00886e+01,6.23630e-06,1.49464e+02,3.48522e+01,6.00886e+01,6.23630e-06,7.00000e-03,7.00000e-03,0.00000e+00,9.49701e+00,9.49701e+00,inf,-8.74524e-01,-8.74524e-01,-inf,1.24208e+01,9.83721e-07,9.83721e-07
5.85000e-01,1.49201e+02,3.51527e+01,6.00886e+01,1.49201e+02,3.51527e+01,6.00886e+01,6.31627e-06,1.49201e+02,3.51527e+01,6.00886e+01,6.31627e-06,7.00000e-03,7.00000e-03,0.00000e+00,9.48321e+00,9.48321e+00,inf,-8.69006e-01,-8.69006e-01,-inf,1.24263e+01,9.83669e-07,9.83669e-07
5.90000e-01,1.48938e+02,3.54531e+01,6.00885e+01,1.48938e+02,3.54531e+01,6.00885e+01,6.39771e-06,1.48938e+02,3.54531e+01,6.00885e+01,6.39771e-06,7.00000e-03,7.00000e-03,0.00000e+00,9.46935e+00,9.46935e+00,inf,-8.63459e-01,-8.63459e-01,-inf,1.24318e+01,9.83616e-07,9.83616e-07
5.95000e-01,1.48675e+02,3.57536e+01,6.00885e+01,1.48675e+02,3.57536e+01,6.00885e+01,6.48066e-06,1.48675e+02,3.57536e+01,6.00885e+01,6.48066e-06,7.00000e-03,7.00000e-03,0.00000e+00,9.45540e+00,9.45540e+00,inf,-8.57881e-01,-8.57881e-01,-inf,1.24374e+01,9.83563e-07,9.83563e-07
6.00000e-01,1.48412e+02,3.60540e+01,6.00884e+01,1.48412e+02,3.60540e+01,6.00884e+01,6.56517e-06,1.48412e+02,3.60540e+01,6.00884e+01,6.56517e-06,7.00000e-03,7.00000e-03,0.00000e+00,9.44137e+00,9.44137e+00,inf,-8.52270e-01,-8.52270e-01,-inf,1.24430e+01,9.83508e-07,9.83508e-07
6.05000e-01,1.48149e+02,3.63544e+01,6.00884e+01,1.48149e+02,3.63544e+01,6.00884e+01,6.65130e-06,1.48149e+02,3.63544e+01,6.00884e+01,6.65130e-06,7.00000e-03,7.00000e-03,0.00000e+00,9.42727e+00,9.42727e+00,inf,-8.46627e-01,-8.46627e-01,-inf,1.24487e+01,9.83453e-07,9.83453e-07
6.10000e-01,1.47886e+02,3.66549e+01,6.00884e+01,1.47886e+02,3.66549e+01,6.00884e+01,6.73910e-06,1.47886e+02,3.66549e+01,6.00884e+01,6.73910e-06,7.00000e-03,7.00000e-03,0.00000e+00,9.41307e+00,9.41307e+00,inf,-8.40949e-01,-8.40949e-01,-inf,1.24544e+01,9.83398e-07,9.83398e-07
6.15000e-01,1.47623e+02,3.69553e+01,6.00883e+01,1.47623e+02,3.69553e+01,6.00883e+01,6.82862e-06,1.47623e+02,3.69553e+01,6.00883e+01,6.82862e-06,7.00000e-03,7.00000e-03,0.00000e+00,9.39879e+00,9.39879e+00,inf,-8.35235e-01,-8.35235e-01,-inf,1.24601e+01,9.83341e-07,9.83341e-07
6.20000e-01,1.47360e+02,3.72558e+01,6.00883e+01,1.47360e+02,3.72558e+01,6.00883e+01,6.91992e-06,1.47360e+02,3.72558e+01,6.00883e+01,6.91992e-06,7.00000e-03,7.00000e-03,0.00000e+00,9.38441e+00,9.38441e+00,inf,-8.29485e-01,-8.29485e-01,-inf,1.24658e+01,9.83284e-07,9.83284e-07
6.25000e-01,1.47097e+02,3.75562e+01,6.00882e+01,1.47097e+02,3.75562e+01,6.00882e+01,7.01306e-06,1.47097e+02,3.75562e+01,6.00882e+01,7.01306e-06,7.00000e-03,7.00000e-03,0.00000e+00,9.36994e+00,9.36994e+00,inf,-8.23696e-01,-8.23696e-01,-inf,1.24716e+01,9.83226e-07,9.83226e-07
6.30000e-01,1.46834e+02,3.78566e+01,6.00882e+01,1.46834e+02,3.78566e+01,6.00882e+01,7.10810e-06,1.46834e+02,3.78566e+01,6.00882e+01,7.10810e-06,7.00000e-03,7.00000e-03,0.00000e+00,9.35537e+00,9.35537e+00,inf,-8.17868e-01,-8.17868e-01,-inf,1.24774e+01,9.83167e-07,9.83167e-07
6.35000e-01,1.46571e+02,3.81571e+01,6.00881e+01,1.46571e+02,3.81571e+01,6.00881e+01,7.20510e-06,1.46571e+02,3.81571e+01,6.00881e+01,7.20510e-06,7.00000e-03,7.00000e-03,0.00000e+00,9.34070e+00,9.34070e+00,inf,-8.12000e-01,-8.12000e-01,-inf,1.24833e+01,9.83108e-07,9.83108e-07
6.40000e-01,1.46308e+02,3.84575e+01,6.00881e+01,1.46308e+02,3.84575e+01,6.00881e+01,7.30413e-06,1.46308e+02,3.84575e+01,6.00881e+01,7.30413e-06,7.00000e-03,7.00000e-03,0.00000e+00,9.32592e+00,9.32592e+00,inf,-8.06090e-01,-8.06090e-01,-inf,1.24892e+01,9.83047e-07,9.83047e-07
6.45000e-01,1.46045e+02,3.87580e+01,6.00881e+01,1.46045e+02,3.87580e+01,6.00881e+01,7.40525e-06,1.46045e+02,3.87580e+01,6.00881e+01,7.40525e-06,7.00000e-03,7.00000e-03,0.00000e+00,9.31104e+00,9.31104e+00,inf,-8.00138e-01,-8.00138e-01,-inf,1.24952e+01,9.82986e-07,9.82986e-07
6.50000e-01,1.45782e+02,3.90584e+01,6.00880e+01,1.45782e+02,3.90584e+01,6.00880e+01,7.50855e-06,1.45782e+02,3.90584e+01,6.00880e+01,7.50855e-06,7.00000e-03,7.00000e-03,0.00000e+00,9.29605e+00,9.29605e+00,inf,-7.94141e-01,-7.94141e-01,-inf,1.25012e+01,9.82924e-07,9.82924e-07
6.55000e-01,1.45519e+02,3.93588e+01,6.00880e+01,1.45519e+02,3.93588e+01,6.00880e+01,7.61408e-06,1.45519e+02,3.93588e+01,6.00880e+01,7.61408e-06,7.00000e-03,7.00000e-03,0.00000e+00,9.28095e+00,9.28095e+00,inf,-7.88099e-01,-7.88099e-01,-inf,1.25072e+01,9.82861e-07,9.82861e-07
6.60000e-01,1.45256e+02,3.96593e+01,6.00879e+01,1.45256e+02,3.96593e+01,6.00879e+01,7.72192e-06,1.45256e+02,3.96593e+01,6.00879e+01,7.72192e-06,7.00000e-03,7.00000e-03,0.00000e+00,9.26572e+00,9.26572e+00,inf,-7.82010e-01,-7.82010e-01,-inf,1.25133e+01,9.82797e-07,9.82797e-07
6.65000e-01,1.44993e+02,3.99597e+01,6.00879e+01,1.44993e+02,3.99597e+01,6.00879e+01,7.83216e-06,1.44993e+02,3.99597e+01,6.00879e+01,7.83216e-06,7.00000e-03,7.00000e-03,0.00000e+00,9.25038e+00,9.25038e+00,inf,-7.75874e-01,-7.75874e-01,-inf,1.25194e+01,9.82732e-07,9.82732e-07
6.70000e-01,1.44730e+02,4.02602e+01,6.00878e+01,1.44730e+02,4.02602e+01,6.00878e+01,7.94487e-06,1.44730e+02,4.02602e+01,6.00878e+01,7.94487e-06,7.00000e-03,7.00000e-03,0.00000e+00,9.23492e+00,9.23492e+00,inf,-7.69689e-01,-7.69689e-01,-inf,1.25256e+01,9.82667e-07,9.82667e-07
6.75000e-01,1.44467e+02,4.05606e+01,6.00878e+01,1.44467e+02,4.05606e+01,6.00878e+01,8.06013e-06,1.44467e+02,4.05606e+01,6.00878e+01,8.06013e-06,7.00000e-03,7.00000e-03,0.00000e+00,9.21933e+00,9.21933e+00,inf,-7.63454e-01,-7.63454e-01,-inf,1.25318e+01,9.82600e-07,9.82600e-07
6.80000e-01,1.44204e+02,4.08610e+01,6.00877e+01,1.44204e+02,4.08610e+01,6.00877e+01,8.17804e-06,1.44204e+02,4.08610e+01,6.00877e+01,8.17804e-06,7.00000e-03,7.00000e-03,0.00000e+00,9.20362e+00,9.20362e+00,inf,-7.57168e-01,-7.57168e-01,-inf,1.25381e+01,9.82533e-07,9.82533e-07
6.85000e-01,1.43941e+02,4.11615e+01,6.00877e+01,1.43941e+02,4.11615e+01,6.00877e+01,8.29869e-06,1.43941e+02,4.11615e+01,6.00877e+01,8.29869e-06,7.00000e-03,7.00000e-03,0.00000e+00,9.18777e+00,9.18777e+00,inf,-7.50829e-01,-7.50829e-01,-inf,1.25445e+01,9.82464e-07,9.82464e-07
6.90000e-01,1.43678e+02,4.14619e+01,6.00876e+01,1.43678e+02,4.14619e+01,6.00876e+01,8.42216e-06,1.43678e+02,4.14619e+01,6.00876e+01,8.42216e-06,7.00000e-03,7.00000e-03,0.00000e+00,9.17179e+00,9.17179e+00,inf,-7.44436e-01,-7.44436e-01,-inf,1.25509e+01,9.82394e-07,9.82394e-07
6.95000e-01,1.43415e+02,4.17624e+01,6.00876e+01,1.43415e+02,4.17624e+01,6.00876e+01,8.54855e-06,1.43415e+02,4.17624e+01,6.00876e+01,8.54855e-06,7.00000e-03,7.00000e-03,0.00000e+00,9.15567e+00,9.15567e+00,inf,-7.37989e-01,-7.37989e-01,-inf,1.25573e+01,9.82324e-07,9.82324e-07
7.00000e-01,1.43152e+02,4.20628e+01,6.00875e+01,1.43152e+02,4.20628e+01,6.00875e+01,8.67796e-06,1.43152e+02,4.20628e+01,6.00875e+01,8.67796e-06,7.00000e-03,7.00000e-03,0.00000e+00,9.13941e+00,9.13941e+00,inf,-7.31486e-01,-7.31486e-01,-inf,1.25638e+01,9.82252e-07,9.82252e-07
7.05000e-01,1.42889e+02,4.23632e+01,6.00875e+01,1.42889e+02,4.23632e+01,6.00875e+01,8.81050e-06,1.42889e+02,4.23632e+01,6.00875e+01,8.81050e-06,7.00000e-03,7.00000e-03,0.00000e+00,9.12301e+00,9.12301e+00,inf,-7.24925e-01,-7.24925e-01,-inf,1.25704e+01,9.82179e-07,9.82179e-07
7.10000e-01,1.42627e+02,4.26637e+01,6.00874e+01,1.42627e+02,4.26637e+01,6.00874e+01,8.94628e-06,1.42627e+02,4.26637e+01,6.00874e+01,8.94628e-06,7.00000e-03,7.00000e-03,0.00000e+00,9.10646e+00,9.10646e+00,inf,-7.18306e-01,-7.18306e-01,-inf,1.25770e+01,9.82105e-07,9.82105e-07
7.15000e-01,1.42364e+02,4.29641e+01,6.00874e+01,1.42364e+02,4.29641e+01,6.00874e+01,9.08540e-06,1.42364e+02,4.29641e+01,6.00874e+01,9.08540e-06,7.00000e-03,7.00000e-03,0.00000e+00,9.08977e+00,9.08977e+00,inf,-7.11628e-01,-7.11628e-01,-inf,1.25837e+01,9.82030e-07,9.82030e-07
7.20000e-01,1.42101e+02,4.32645e+01,6.00873e+01,1.42101e+02,4.32645e+01,6.00873e+01,9.22798e-06,1.42101e+02,4.32645e+01,6.00873e+01,9.22798e-06,7.00000e-03,7.00000e-03,0.00000e+00,9.07292e+00,9.07292e+00,inf,-7.04889e-01,-7.04889e-01,-inf,1.25904e+01,9.81954e-07,9.81954e-07
7.25000e-01,1.41838e+02,4.35650e+01,6.00872e+01,1.41838e+02,4.35650e+01,6.00872e+01,9.37413e-06,1.41838e+02,4.35650e+01,6.00872e+01,9.37413e-06,7.00000e-03,7.00000e-03,0.00000e+00,9.05592e+00,9.05592e+00,inf,-6.98088e-01,-6.98088e-01,-inf,1.25972e+01,9.81877e-07,9.81877e-07
7.30000e-01,1.41575e+02,4.38654e+01,6.00872e+01,1.41575e+02,4.38654e+01,6.00872e+01,9.52400e-06,1.41575e+02,4.38654e+01,6.00872e+01,9.52400e-06,7.00000e-03,7.00000e-03,0.00000e+00,9.03876e+00,9.03876e+00,inf,-6.91224e-01,-6.91224e-01,-inf,1.26041e+01,9.81798e-07,9.81798e-07
7.35000e-01,1.41312e+02,4.41659e+01,6.00871e+01,1.41312e+02,4.41659e+01,6.00871e+01,9.67769e-06,1.41312e+02,4.41659e+01,6.00871e+01,9.67769e-06,7.00000e-03,7.00000e-03,0.00000e+00,9.02144e+00,9.02144e+00,inf,-6.84297e-01,-6.84297e-01,-inf,1.26110e+01,9.81718e-07,9.81718e-07
7.40000e-01,1.41049e+02,4.44663e+01,6.00871e+01,1.41049e+02,4.44663e+01,6.00871e+01,9.83535e-06,1.41049e+02,4.44663e+01,6.00871e+01,9.83535e-06,7.00000e-03,7.00000e-03,0.00000e+00,9.00396e+00,9.00396e+00,inf,-6.77304e-01,-6.77304e-01,-inf,1.26180e+01,9.81637e-07,9.81637e-07
7.45000e-01,1.40786e+02,4.47667e+01,6.00870e+01,1.40786e+02,4.47667e+01,6.00870e+01,9.99711e-06,1.40786e+02,4.47667e+01,6.00870e+01,9.99711e-06,7.00000e-03,7.00000e-03,0.00000e+00,8.98631e+00,8.98631e+00,inf,-6.70244e-01,-6.70244e-01,-inf,1.26251e+01,9.81554e-07,9.81554e-07
7.50000e-01,1.40523e+02,4.50672e+01,6.00869e+01,1.40523e+02,4.50672e+01,6.00869e+01,1.01631e-05,1.40523e+02,4.50672e+01,6.00869e+01,1.01631e-05,7.00000e-03,7.00000e-03,0.00000e+00,8.96849e+00,8.96849e+00,inf,-6.63117e-01,-6.63117e-01,-inf,1.26322e+01,9.81470e-07,9.81470e-07
7.55000e-01,1.40260e+02,4.53676e+01,6.00869e+01,1.40260e+02,4.53676e+01,6.00869e+01,1.03335e-05,1.40260e+02,4.53676e+01,6.00869e+01,1.03335e-05,7.00000e-03,7.00000e-03,0.00000e+00,8.95050e+00,8.95050e+00,inf,-6.55922e-01,-6.55922e-01,-inf,1.26394e+01,9.81385e-07,9.81385e-07
7.60000e-01,1.39997e+02,4.56680e+01,6.00868e+01,1.39997e+02,4.56680e+01,6.00868e+01,1.05085e-05,1.39997e+02,4.56680e+01,6.00868e+01,1.05085e-05,7.00000e-03,7.00000e-03,0.00000e+00,8.93234e+00,8.93234e+00,inf,-6.48657e-01,-6.48657e-01,-inf,1.26467e+01,9.81298e-07,9.81298e-07
7.65000e-01,1.39734e+02,4.59685e+01,6.00868e+01,1.39734e+02,4.59685e+01,6.00868e+01,1.06882e-05,1.39734e+02,4.59685e+01,6.00868e+01,1.06882e-05,7.00000e-03,7.00000e-03,0.00000e+00,8.91400e+00,8.91400e+00,inf,-6.41322e-01,-6.41322e-01,-inf,1.26540e+01,9.81210e-07,9.81210e-07
7.70000e-01,1.39471e+02,4.62689e+01,6.00867e+01,1.39471e+02,4.62689e+01,6.00867e+01,1.08727e-05,1.39471e+02,4.62689e+01,6.00867e+01,1.08727e-05,7.00000e-03,7.00000e-03,0.00000e+00,8.89549e+00,8.89549e+00,inf,-6.33915e-01,-6.33915e-01,-inf,1.26614e+01,9.81120e-07,9.81120e-07
7.75000e-01,1.39208e+02,4.65693e+01,6.00866e+01,1.39208e+02,4.65693e+01,6.00866e+01,1.10623e-05,1.39208e+02,4.65693e+01,6.00866e+01,1.10623e-05,7.00000e-03,7.00000e-03,0.00000e+00,8.87679e+00,8.87679e+00,inf,-6.26435e-01,-6.26435e-01,-inf,1.26689e+01,9.81029e-07,9.81029e-07
7.80000e-01,1.38945e+02,4.68698e+01,6.00866e+01,1.38945e+02,4.68698e+01,6.00866e+01,1.12571e-05,1.38945e+02,4.68698e+01,6.00866e+01,1.12571e-05,7.00000e-03,7.00000e-03,0.00000e+00,8.85790e+00,8.85790e+00,inf,-6.18882e-01,-6.18882e-01,-inf,1.26764e+01,9.80936e-07,9.80936e-07
7.85000e-01,1.38683e+02,4.71702e+01,6.00865e+01,1.38683e+02,4.71702e+01,6.00865e+01,1.14574e-05,1.38683e+02,4.71702e+01,6.00865e+01,1.14574e-05,7.00000e-03,7.00000e-03,0.00000e+00,8.83883e+00,8.83883e+00,inf,-6.11253e-01,-6.11253e-01,-inf,1.26841e+01,9.80841e-07,9.80841e-07
7.90000e-01,1.38420e+02,4.74706e+01,6.00864e+01,1.38420e+02,4.74706e+01,6.00864e+01,1.16632e-05,1.38420e+02,4.74706e+01,6.00864e+01,1.16632e-05,7.00000e-03,7.00000e-03,0.00000e+00,8.81957e+00,8.81957e+00,inf,-6.03549e-01,-6.03549e-01,-inf,1.26918e+01,9.80745e-07,9.80745e-07
7.95000e-01,1.38157e+02,4.77711e+01,6.00863e+01,1.38157e+02,4.77711e+01,6.00863e+01,1.18749e-05,1.38157e+02,4.77711e+01,6.00863e+01,1.18749e-05,7.00000e-03,7.00000e-03,0.00000e+00,8.80012e+00,8.80012e+00,inf,-5.95768e-01,-5.95768e-01,-inf,1.26995e+01,9.80647e-07,9.80647e-07
8.00000e-01,1.37894e+02,4.80715e+01,6.00863e+01,1.37894e+02,4.80715e+01,6.00863e+01,1.20926e-05,1.37894e+02,4.80715e+01,6.00863e+01,1.20926e-05,7.00000e-03,7.00000e-03,0.00000e+00,8.78047e+00,8.78047e+00,inf,-5.87910e-01,-5.87910e-01,-inf,1.27074e+01,9.80547e-07,9.80547e-07
8.05000e-01,1.37631e+02,4.83719e+01,6.00862e+01,1.37631e+02,4.83719e+01,6.00862e+01,1.23165e-05,1.37631e+02,4.83719e+01,6.00862e+01,1.23165e-05,7.00000e-03,7.00000e-03,0.00000e+00,8.76063e+00,8.76063e+00,inf,-5.79972e-01,-5.79972e-01,-inf,1.27153e+01,9.80446e-07,9.80446e-07
8.10000e-01,1.37368e+02,4.86723e+01,6.00861e+01,1.37368e+02,4.86723e+01,6.00861e+01,1.25469e-05,1.37368e+02,4.86723e+01,6.00861e+01,1.25469e-05,7.00000e-03,7.00000e-03,0.00000e+00,8.74059e+00,8.74059e+00,inf,-5.71955e-01,-5.71955e-01,-inf,1.27234e+01,9.80342e-07,9.80342e-07
8.15000e-01,1.37105e+02,4.89728e+01,6.00860e+01,1.37105e+02,4.89728e+01,6.00860e+01,1.27840e-05,1.37105e+02,4.89728e+01,6.00860e+01,1.27840e-05,7.00000e-03,7.00000e-03,0.00000e+00,8.72034e+00,8.72034e+00,inf,-5.63858e-01,-5.63858e-01,-inf,1.27315e+01,9.80237e-07,9.80237e-07
8.20000e-01,1.36842e+02,4.92732e+01,6.00860e+01,1.36842e+02,4.92732e+01,6.00860e+01,1.30280e-05,1.36842e+02,4.92732e+01,6.00860e+01,1.30280e-05,7.00000e-03,7.00000e-03,0.00000e+00,8.69990e+00,8.69990e+00,inf,-5.55679e-01,-5.55679e-01,-inf,1.27396e+01,9.80129e-07,9.80129e-07
8.25000e-01,1.36579e+02,4.95736e+01,6.00859e+01,1.36579e+02,4.95736e+01,6.00859e+01,1.32793e-05,1.36579e+02,4.95736e+01,6.00859e+01,1.32793e-05,7.00000e-03,7.00000e-03,0.00000e+00,8.67924e+00,8.67924e+00,inf,-5.47418e-01,-5.47418e-01,-inf,1.27479e+01,9.80020e-07,9.80020e-07
8.30000e-01,1.36317e+02,4.98741e+01,6.00858e+01,1.36317e+02,4.98741e+01,6.00858e+01,1.35380e-05,1.36317e+02,4.98741e+01,6.00858e+01,1.35380e-05,7.00000e-03,7.00000e-03,0.00000e+00,8.65838e+00,8.65838e+00,inf,-5.39073e-01,-5.39073e-01,-inf,1.27562e+01,9.79908e-07,9.79908e-07
8.35000e-01,1.36054e+02,5.01745e+01,6.00857e+01,1.36054e+02,5.01745e+01,6.00857e+01,1.38044e-05,1.36054e+02,5.01745e+01,6.00857e+01,1.38044e-05,7.00000e-03,7.00000e-03,0.00000e+00,8.63731e+00,8.63731e+00,inf,-5.30644e-01,-5.30644e-01,-inf,1.27647e+01,9.79794e-07,9.79794e-07
8.40000e-01,1.35791e+02,5.04749e+01,6.00856e+01,1.35791e+02,5.04749e+01,6.00856e+01,1.40788e-05,1.35791e+02,5.04749e+01,6.00856e+01,1.40788e-05,7.00000e-03,7.00000e-03,0.00000e+00,8.61602e+00,8.61602e+00,inf,-5.22130e-01,-5.22130e-01,-inf,1.27732e+01,9.79678e-07,9.79678e-07
8.45000e-01,1.35528e+02,5.07753e+01,6.00855e+01,1.35528e+02,5.07753e+01,6.00855e+01,1.43616e-05,1.35528e+02,5.07753e+01,6.00855e+01,1.43616e-05,7.00000e-03,7.00000e-03,0.00000e+00,8.59453e+00,8.59453e+00,inf,-5.13531e-01,-5.13531e-01,-inf,1.27818e+01,9.79560e-07,9.79560e-07
8.50000e-01,1.35265e+02,5.10758e+01,6.00854e+01,1.35265e+02,5.10758e+01,6.00854e+01,1.46530e-05,1.35265e+02,5.10758e+01,6.00854e+01,1.46530e-05,7.00000e-03,7.00000e-03,0.00000e+00,8.57281e+00,8.57281e+00,inf,-5.04845e-01,-5.04845e-01,-inf,1.27905e+01,9.79439e-07,9.79439e-07
8.55000e-01,1.35002e+02,5.13762e+01,6.00854e+01,1.35002e+02,5.13762e+01,6.00854e+01,1.49533e-05,1.35002e+02,5.13762e+01,6.00854e+01,1.49533e-05,7.00000e-03,7.00000e-03,0.00000e+00,8.55088e+00,8.55088e+00,inf,-4.96071e-01,-4.96071e-01,-inf,1.27992e+01,9.79316e-07,9.79316e-07
8.60000e-01,1.34739e+02,5.16766e+01,6.00853e+01,1.34739e+02,5.16766e+01,6.00853e+01,1.52629e-05,1.34739e+02,5.16766e+01,6.00853e+01,1.52629e-05,7.00000e-03,7.00000e-03,0.00000e+00,8.52872e+00,8.52872e+00,inf,-4.87209e-01,-4.87209e-01,-inf,1.28081e+01,9.79190e-07,9.79190e-07
8.65000e-01,1.34477e+02,5.19771e+01,6.00852e+01,1.34477e+02,5.19771e+01,6.00852e+01,1.55822e-05,1.34477e+02,5.19771e+01,6.00852e+01,1.55822e-05,7.00000e-03,7.00000e-03,0.00000e+00,8.50635e+00,8.50635e+00,inf,-4.78259e-01,-4.78259e-01,-inf,1.28171e+01,9.79061e-07,9.79061e-07
8.70000e-01,1.34214e+02,5.22775e+01,6.00851e+01,1.34214e+02,5.22775e+01,6.00851e+01,1.59114e-05,1.34214e+02,5.22775e+01,6.00851e+01,1.59114e-05,7.00000e-03,7.00000e-03,0.00000e+00,8.48374e+00,8.48374e+00,inf,-4.69218e-01,-4.69218e-01,-inf,1.28261e+01,9.78930e-07,9.78930e-07
8.75000e-01,1.33951e+02,5.25779e+01,6.00850e+01,1.33951e+02,5.25779e+01,6.00850e+01,1.62510e-05,1.33951e+02,5.25779e+01,6.00850e+01,1.62510e-05,7.00000e-03,7.00000e-03,0.00000e+00,8.46092e+00,8.46092e+00,inf,-4.60088e-01,-4.60088e-01,-inf,1.28352e+01,9.78796e-07,9.78796e-07
8.80000e-01,1.33688e+02,5.28783e+01,6.00849e+01,1.33688e+02,5.28783e+01,6.00849e+01,1.66014e-05,1.33688e+02,5.28783e+01,6.00849e+01,1.66014e-05,7.00000e-03,7.00000e-03,0.00000e+00,8.43786e+00,8.43786e+00,inf,-4.50866e-01,-4.50866e-01,-inf,1.28445e+01,9.78659e-07,9.78659e-07
8.85000e-01,1.33425e+02,5.31788e+01,6.00848e+01,1.33425e+02,5.31788e+01,6.00848e+01,1.69630e-05,1.33425e+02,5.31788e+01,6.00848e+01,1.69630e-05,7.00000e-03,7.00000e-03,0.00000e+00,8.41458e+00,8.41458e+00,inf,-4.41552e-01,-4.41552e-01,-inf,1.28538e+01,9.78519e-07,9.78519e-07
8.90000e-01,1.33162e+02,5.34792e+01,6.00847e+01,1.33162e+02,5.34792e+01,6.00847e+01,1.73361e-05,1.33162e+02,5.34792e+01,6.00847e+01,1.73361e-05,7.00000e-03,7.00000e-03,0.00000e+00,8.39106e+00,8.39106e+00,inf,-4.32146e-01,-4.32146e-01,-inf,1.28632e+01,9.78377e-07,9.78377e-07
8.95000e-01,1.32900e+02,5.37796e+01,6.00846e+01,1.32900e+02,5.37796e+01,6.00846e+01,1.77213e-05,1.32900e+02,5.37796e+01,6.00846e+01,1.77213e-05,7.00000e-03,7.00000e-03,0.00000e+00,8.36731e+00,8.36731e+00,inf,-4.22646e-01,-4.22646e-01,-inf,1.28727e+01,9.78231e-07,9.78231e-07
9.00000e-01,1.32637e+02,5.40800e+01,6.00844e+01,1.32637e+02,5.40800e+01,6.00844e+01,1.81191e-05,1.32637e+02,5.40800e+01,6.00844e+01,1.81191e-05,7.00000e-03,7.00000e-03,0.00000e+00,8.34333e+00,8.34333e+00,inf,-4.13053e-01,-4.13053e-01,-inf,1.28823e+01,9.78081e-07,9.78081e-07
9.05000e-01,1.32374e+02,5.43804e+01,6.00843e+01,1.32374e+02,5.43804e+01,6.00843e+01,1.85298e-05,1.32374e+02,5.43804e+01,6.00843e+01,1.85298e-05,7.00000e-03,7.00000e-03,0.00000e+00,8.31911e+00,8.31911e+00,inf,-4.03366e-01,-4.03366e-01,-inf,1.28920e+01,9.77929e-07,9.77929e-07
9.10000e-01,1.32111e+02,5.46809e+01,6.00842e+01,1.32111e+02,5.46809e+01,6.00842e+01,1.89540e-05,1.32111e+02,5.46809e+01,6.00842e+01,1.89540e-05,7.00000e-03,7.00000e-03,0.00000e+00,8.29466e+00,8.29466e+00,inf,-3.93584e-01,-3.93584e-01,-inf,1.29017e+01,9.77773e-07,9.77773e-07
9.15000e-01,1.31848e+02,5.49813e+01,6.00841e+01,1.31848e+02,5.49813e+01,6.00841e+01,1.93922e-05,1.31848e+02,5.49813e+01,6.00841e+01,1.93922e-05,7.00000e-03,7.00000e-03,0.00000e+00,8.26996e+00,8.26996e+00,inf,-3.83706e-01,-3.83706e-01,-inf,1.29116e+01,9.77613e-07,9.77613e-07
9.20000e-01,1.31586e+02,5.52817e+01,6.00840e+01,1.31586e+02,5.52817e+01,6.00840e+01,1.98450e-05,1.31586e+02,5.52817e+01,6.00840e+01,1.98450e-05,7.00000e-03,7.00000e-03,0.00000e+00,8.24503e+00,8.24503e+00,inf,-3.73732e-01,-3.73732e-01,-inf,1.29216e+01,9.77449e-07,9.77449e-07
9.25000e-01,1.31323e+02,5.55821e+01,6.00839e+01,1.31323e+02,5.55821e+01,6.00839e+01,2.03130e-05,1.31323e+02,5.55821e+01,6.00839e+01,2.03130e-05,7.00000e-03,7.00000e-03,0.00000e+00,8.21985e+00,8.21985e+00,inf,-3.63662e-01,-3.63662e-01,-inf,1.29317e+01,9.77282e-07,9.77282e-07
9.30000e-01,1.31060e+02,5.58825e+01,6.00837e+01,1.31060e+02,5.58825e+01,6.00837e+01,2.07967e-05,1.31060e+02,5.58825e+01,6.00837e+01,2.07967e-05,7.00000e-03,7.00000e-03,0.00000e+00,8.19444e+00,8.19444e+00,inf,-3.53495e-01,-3.53495e-01,-inf,1.29418e+01,9.77111e-07,9.77111e-07
9.35000e-01,1.30797e+02,5.61830e+01,6.00836e+01,1.30797e+02,5.61830e+01,6.00836e+01,2.12967e-05,1.30797e+02,5.61830e+01,6.00836e+01,2.12967e-05,7.00000e-03,7.00000e-03,0.00000e+00,8.16877e+00,8.16877e+00,inf,-3.43230e-01,-3.43230e-01,-inf,1.29521e+01,9.76936e-07,9.76936e-07
9.40000e-01,1.30534e+02,5.64834e+01,6.00835e+01,1.30534e+02,5.64834e+01,6.00835e+01,2.18138e-05,1.30534e+02,5.64834e+01,6.00835e+01,2.18138e-05,7.00000e-03,7.00000e-03,0.00000e+00,8.14287e+00,8.14287e+00,inf,-3.32867e-01,-3.32867e-01,-inf,1.29625e+01,9.76756e-07,9.76756e-07
9.45000e-01,1.30272e+02,5.67838e+01,6.00833e+01,1.30272e+02,5.67838e+01,6.00833e+01,2.23485e-05,1.30272e+02,5.67838e+01,6.00833e+01,2.23485e-05,7.00000e-03,7.00000e-03,0.00000e+00,8.11671e+00,8.11671e+00,inf,-3.22406e-01,-3.22406e-01,-inf,1.29729e+01,9.76572e-07,9.76572e-07
9.50000e-01,1.30009e+02,5.70842e+01,6.00832e+01,1.30009e+02,5.70842e+01,6.00832e+01,2.29016e-05,1.30009e+02,5.70842e+01,6.00832e+01,2.29016e-05,7.00000e-03,7.00000e-03,0.00000e+00,8.09031e+00,8.09031e+00,inf,-3.11847e-01,-3.11847e-01,-inf,1.29835e+01,9.76384e-07,9.76384e-07
9.55000e-01,1.29746e+02,5.73846e+01,6.00830e+01,1.29746e+02,5.73846e+01,6.00830e+01,2.34739e-05,1.29746e+02,5.73846e+01,6.00830e+01,2.34739e-05,7.00000e-03,7.00000e-03,0.00000e+00,8.06367e+00,8.06367e+00,inf,-3.01188e-01,-3.01188e-01,-inf,1.29941e+01,9.76191e-07,9.76191e-07
9.60000e-01,1.29483e+02,5.76850e+01,6.00829e+01,1.29483e+02,5.76850e+01,6.00829e+01,2.40660e-05,1.29483e+02,5.76850e+01,6.00829e+01,2.40660e-05,7.00000e-03,7.00000e-03,0.00000e+00,8.03677e+00,8.03677e+00,inf,-2.90429e-01,-2.90429e-01,-inf,1.30049e+01,9.75993e-07,9.75993e-07
9.65000e-01,1.29220e+02,5.79855e+01,6.00827e+01,1.29220e+02,5.79855e+01,6.00827e+01,2.46789e-05,1.29220e+02,5.79855e+01,6.00827e+01,2.46789e-05,7.00000e-03,7.00000e-03,0.00000e+00,8.00962e+00,8.00962e+00,inf,-2.79571e-01,-2.79571e-01,-inf,1.30158e+01,9.75790e-07,9.75790e-07
9.70000e-01,1.28958e+02,5.82859e+01,6.00826e+01,1.28958e+02,5.82859e+01,6.00826e+01,2.53133e-05,1.28958e+02,5.82859e+01,6.00826e+01,2.53133e-05,7.00000e-03,7.00000e-03,0.00000e+00,7.98223e+00,7.98223e+00,inf,-2.68612e-01,-2.68612e-01,-inf,1.30267e+01,9.75581e-07,9.75581e-07
9.75000e-01,1.28695e+02,5.85863e+01,6.00824e+01,1.28695e+02,5.85863e+01,6.00824e+01,2.59701e-05,1.28695e+02,5.85863e+01,6.00824e+01,2.59701e-05,7.00000e-03,7.00000e-03,0.00000e+00,7.95458e+00,7.95458e+00,inf,-2.57553e-01,-2.57553e-01,-inf,1.30378e+01,9.75368e-07,9.75368e-07
9.80000e-01,1.28432e+02,5.88867e+01,6.00823e+01,1.28432e+02,5.88867e+01,6.00823e+01,2.66502e-05,1.28432e+02,5.88867e+01,6.00823e+01,2.66502e-05,7.00000e-03,7.00000e-03,0.00000e+00,7.92668e+00,7.92668e+00,inf,-2.46393e-01,-2.46393e-01,-inf,1.30489e+01,9.75149e-07,9.75149e-07
9.85000e-01,1.28169e+02,5.91871e+01,6.00821e+01,1.28169e+02,5.91871e+01,6.00821e+01,2.73546e-05,1.28169e+02,5.91871e+01,6.00821e+01,2.73546e-05,7.00000e-03,7.00000e-03,0.00000e+00,7.89853e+00,7.89853e+00,inf,-2.35133e-01,-2.35133e-01,-inf,1.30602e+01,9.74924e-07,9.74924e-07
9.90000e-01,1.27907e+02,5.94875e+01,6.00819e+01,1.27907e+02,5.94875e+01,6.00819e+01,2.80843e-05,1.27907e+02,5.94875e+01,6.00819e+01,2.80843e-05,7.00000e-03,7.00000e-03,0.00000e+00,7.87012e+00,7.87012e+00,inf,-2.23771e-01,-2.23771e-01,-inf,1.30716e+01,9.74693e-07,9.74693e-07
9.95000e-01,1.27644e+02,5.97879e+01,6.00818e+01,1.27644e+02,5.97879e+01,6.00818e+01,2.88403e-05,1.27644e+02,5.97879e+01,6.00818e+01,2.88403e-05,7.00000e-03,7.00000e-03,0.00000e+00,7.84147e+00,7.84147e+00,inf,-2.12307e-01,-2.12307e-01,-inf,1.30830e+01,9.74456e-07,9.74456e-07
1.00000e+00,1.27381e+02,6.00883e+01,6.00816e+01,1.27381e+02,6.00883e+01,6.00816e+01,2.96238e-05,1.27381e+02,6.00883e+01,6.00816e+01,2.96238e-05,7.00000e-03,7.00000e-03,0.00000e+00,7.81255e+00,7.81255e+00,inf,-2.00742e-01,-2.00742e-01,-inf,1.30946e+01,9.74213e-07,9.74213e-07
1.00500e+00,1.27118e+02,6.03887e+01,6.00814e+01,1.27118e+02,6.03887e+01,6.00814e+01,3.04358e-05,1.27118e+02,6.03887e+01,6.00814e+01,3.04358e-05,7.00000e-03,7.00000e-03,0.00000e+00,7.78339e+00,7.78339e+00,inf,-1.89076e-01,-1.89076e-01,-inf,1.31063e+01,9.73963e-07,9.73963e-07
1.01000e+00,1.26856e+02,6.06891e+01,6.00812e+01,1.26856e+02,6.06891e+01,6.00812e+01,3.12775e-05,1.26856e+02,6.06891e+01,6.00812e+01,3.12775e-05,7.00000e-03,7.00000e-03,0.00000e+00,7.75397e+00,7.75397e+00,inf,-1.77307e-01,-1.77307e-01,-inf,1.31180e+01,9.73706e-07,9.73706e-07
1.01500e+00,1.26593e+02,6.09895e+01,6.00810e+01,1.26593e+02,6.09895e+01,6.00810e+01,3.21502e-05,1.26593e+02,6.09895e+01,6.00810e+01,3.21502e-05,7.00000e-03,7.00000e-03,0.00000e+00,7.72429e+00,7.72429e+00,inf,-1.65437e-01,-1.65437e-01,-inf,1.31299e+01,9.73442e-07,9.73442e-07
1.02000e+00,1.26330e+02,6.12900e+01,6.00808e+01,1.26330e+02,6.12900e+01,6.00808e+01,3.30553e-05,1.26330e+02,6.12900e+01,6.00808e+01,3.30553e-05,7.00000e-03,7.00000e-03,0.00000e+00,7.69436e+00,7.69436e+00,inf,-1.53464e-01,-1.53464e-01,-inf,1.31419e+01,9.73170e-07,9.73170e-07
1.02500e+00,1.26068e+02,6.15904e+01,6.00806e+01,1.26068e+02,6.15904e+01,6.00806e+01,3.39939e-05,1.26068e+02,6.15904e+01,6.00806e+01,3.39939e-05,7.00000e-03,7.00000e-03,0.00000e+00,7.66417e+00,7.66417e+00,inf,-1.41390e-01,-1.41390e-01,-inf,1.31540e+01,9.72891e-07,9.72891e-07
1.03000e+00,1.25805e+02,6.18908e+01,6.00804e+01,1.25805e+02,6.18908e+01,6.00804e+01,3.49676e-05,1.25805e+02,6.18908e+01,6.00804e+01,3.49676e-05,7.00000e-03,7.00000e-03,0.00000e+00,7.63373e+00,7.63373e+00,inf,-1.29214e-01,-1.29214e-01,-inf,1.31661e+01,9.72604e-07,9.72604e-07
1.03500e+00,1.25542e+02,6.21912e+01,6.00802e+01,1.25542e+02,6.21912e+01,6.00802e+01,3.59779e-05,1.25542e+02,6.21912e+01,6.00802e+01,3.59779e-05,7.00000e-03,7.00000e-03,0.00000e+00,7.60304e+00,7.60304e+00,inf,-1.16935e-01,-1.16935e-01,-inf,1.31784e+01,9.72309e-07,9.72309e-07
1.04000e+00,1.25279e+02,6.24916e+01,6.00799e+01,1.25279e+02,6.24916e+01,6.00799e+01,3.70263e-05,1.25279e+02,6.24916e+01,6.00799e+01,3.70263e-05,7.00000e-03,7.00000e-03,0.00000e+00,7.57208e+00,7.57208e+00,inf,-1.04554e-01,-1.04554e-01,-inf,1.31908e+01,9.72005e-07,9.72005e-07
1.04500e+00,1.25017e+02,6.27920e+01,6.00797e+01,1.25017e+02,6.27920e+01,6.00797e+01,3.81145e-05,1.25017e+02,6.27920e+01,6.00797e+01,3.81145e-05,7.00000e-03,7.00000e-03,0.00000e+00,7.54088e+00,7.54088e+00,inf,-9.20717e-02,-9.20717e-02,-inf,1.32033e+01,9.71692e-07,9.71692e-07
1.05000e+00,1.24754e+02,6.30924e+01,6.00795e+01,1.24754e+02,6.30924e+01,6.00795e+01,3.92441e-05,1.24754e+02,6.30924e+01,6.00795e+01,3.92441e-05,7.00000e-03,7.00000e-03,0.00000e+00,7.50942e+00,7.50942e+00,inf,-7.94871e-02,-7.94871e-02,-inf,1.32159e+01,9.71371e-07,9.71371e-07
1.05500e+00,1.24491e+02,6.33927e+01,6.00792e+01,1.24491e+02,6.33927e+01,6.00792e+01,4.04169e-05,1.24491e+02,6.33927e+01,6.00792e+01,4.04169e-05,7.00000e-03,7.00000e-03,0.00000e+00,7.47770e+00,7.47770e+00,inf,-6.68008e-02,-6.68008e-02,-inf,1.32286e+01,9.71039e-07,9.71039e-07
1.06000e+00,1.24229e+02,6.36931e+01,6.00790e+01,1.24229e+02,6.36931e+01,6.00790e+01,4.16348e-05,1.24229e+02,6.36931e+01,6.00790e+01,4.16348e-05,7.00000e-03,7.00000e-03,0.00000e+00,7.44573e+00,7.44573e+00,inf,-5.40128e-02,-5.40128e-02,-inf,1.32413e+01,9.70698e-07,9.70698e-07
1.06500e+00,1.23966e+02,6.39935e+01,6.00787e+01,1.23966e+02,6.39935e+01,6.00787e+01,4.28998e-05,1.23966e+02,6.39935e+01,6.00787e+01,4.28998e-05,7.00000e-03,7.00000e-03,0.00000e+00,7.41351e+00,7.41351e+00,inf,-4.11233e-02,-4.11233e-02,-inf,1.32542e+01,9.70346e-07,9.70346e-07
1.07000e+00,1.23703e+02,6.42939e+01,6.00784e+01,1.23703e+02,6.42939e+01,6.00784e+01,4.42138e-05,1.23703e+02,6.42939e+01,6.00784e+01,4.42138e-05,7.00000e-03,7.00000e-03,0.00000e+00,7.38103e+00,7.38103e+00,inf,-2.81325e-02,-2.81325e-02,-inf,1.32672e+01,9.69984e-07,9.69984e-07
1.07500e+00,1.23441e+02,6.45943e+01,6.00782e+01,1.23441e+02,6.45943e+01,6.00782e+01,4.55791e-05,1.23441e+02,6.45943e+01,6.00782e+01,4.55791e-05,7.00000e-03,7.00000e-03,0.00000e+00,7.34830e+00,7.34830e+00,inf,-1.50406e-02,-1.50406e-02,-inf,1.32803e+01,9.69611e-07,9.69611e-07
1.08000e+00,1.23178e+02,6.48947e+01,6.00779e+01,1.23178e+02,6.48947e+01,6.00779e+01,4.69978e-05,1.23178e+02,6.48947e+01,6.00779e+01,4.69978e-05,7.00000e-03,7.00000e-03,0.00000e+00,7.31532e+00,7.31532e+00,inf,-1.84778e-03,-1.84778e-03,-inf,1.32935e+01,9.69226e-07,9.69226e-07
1.08500e+00,1.22915e+02,6.51951e+01,6.00776e+01,1.22915e+02,6.51951e+01,6.00776e+01,4.84723e-05,1.22915e+02,6.51951e+01,6.00776e+01,4.84723e-05,7.00000e-03,7.00000e-03,0.00000e+00,7.28208e+00,7.28208e+00,inf,1.14456e-02,1.14456e-02,-inf,1.33068e+01,9.68829e-07,9.68829e-07
1.09000e+00,1.22653e+02,6.54955e+01,6.00773e+01,1.22653e+02,6.54955e+01,6.00773e+01,5.00051e-05,1.22653e+02,6.54955e+01,6.00773e+01,5.00051e-05,7.00000e-03,7.00000e-03,0.00000e+00,7.24860e+00,7.24860e+00,inf,2.48393e-02,2.48393e-02,-inf,1.33202e+01,9.68420e-07,9.68420e-07
1.09500e+00,1.22390e+02,6.57959e+01,6.00769e+01,1.22390e+02,6.57959e+01,6.00769e+01,5.15987e-05,1.22390e+02,6.57959e+01,6.00769e+01,5.15987e-05,7.00000e-03,7.00000e-03,0.00000e+00,7.21487e+00,7.21487e+00,inf,3.83330e-02,3.83330e-02,-inf,1.33337e+01,9.67998e-07,9.67998e-07
1.10000e+00,1.22127e+02,6.60963e+01,6.00766e+01,1.22127e+02,6.60963e+01,6.00766e+01,5.32559e-05,1.22127e+02,6.60963e+01,6.00766e+01,5.32559e-05,7.00000e-03,7.00000e-03,0.00000e+00,7.18088e+00,7.18088e+00,inf,5.19263e-02,5.19263e-02,-inf,1.33473e+01,9.67562e-07,9.67562e-07
1.10500e+00,1.21865e+02,6.63966e+01,6.00763e+01,1.21865e+02,6.63966e+01,6.00763e+01,5.49793e-05,1.21865e+02,6.63966e+01,6.00763e+01,5.49793e-05,7.00000e-03,7.00000e-03,0.00000e+00,7.14665e+00,7.14665e+00,inf,6.56189e-02,6.56189e-02,-inf,1.33610e+01,9.67113e-07,9.67113e-07
1.11000e+00,1.21602e+02,6.66970e+01,6.00759e+01,1.21602e+02,6.66970e+01,6.00759e+01,5.67721e-05,1.21602e+02,6.66970e+01,6.00759e+01,5.67721e-05,7.00000e-03,7.00000e-03,0.00000e+00,7.11217e+00,7.11217e+00,inf,7.94103e-02,7.94103e-02,-inf,1.33748e+01,9.66649e-07,9.66649e-07
1.11500e+00,1.21339e+02,6.69974e+01,6.00756e+01,1.21339e+02,6.69974e+01,6.00756e+01,5.86373e-05,1.21339e+02,6.69974e+01,6.00756e+01,5.86373e-05,7.00000e-03,7.00000e-03,0.00000e+00,7.07745e+00,7.07745e+00,inf,9.33001e-02,9.33001e-02,-inf,1.33887e+01,9.66169e-07,9.66169e-07
1.12000e+00,1.21077e+02,6.72978e+01,6.00752e+01,1.21077e+02,6.72978e+01,6.00752e+01,6.05780e-05,1.21077e+02,6.72978e+01,6.00752e+01,6.05780e-05,7.00000e-03,7.00000e-03,0.00000e+00,7.04248e+00,7.04248e+00,inf,1.07288e-01,1.07288e-01,-inf,1.34027e+01,9.65675e-07,9.65675e-07
1.12500e+00,1.20814e+02,6.75981e+01,6.00748e+01,1.20814e+02,6.75981e+01,6.00748e+01,6.25978e-05,1.20814e+02,6.75981e+01,6.00748e+01,6.25978e-05,7.00000e-03,7.00000e-03,0.00000e+00,7.00727e+00,7.00727e+00,inf,1.21373e-01,1.21373e-01,-inf,1.34167e+01,9.65163e-07,9.65163e-07
1.13000e+00,1.20551e+02,6.78985e+01,6.00744e+01,1.20551e+02,6.78985e+01,6.00744e+01,6.47002e-05,1.20551e+02,6.78985e+01,6.00744e+01,6.47002e-05,7.00000e-03,7.00000e-03,0.00000e+00,6.97181e+00,6.97181e+00,inf,1.35555e-01,1.35555e-01,-inf,1.34309e+01,9.64635e-07,9.64635e-07
1.13500e+00,1.20289e+02,6.81989e+01,6.00740e+01,1.20289e+02,6.81989e+01,6.00740e+01,6.68889e-05,1.20289e+02,6.81989e+01,6.00740e+01,6.68889e-05,7.00000e-03,7.00000e-03,0.00000e+00,6.93611e+00,6.93611e+00,inf,1.49834e-01,1.49834e-01,-inf,1.34452e+01,9.64089e-07,9.64089e-07
1.14000e+00,1.20026e+02,6.84992e+01,6.00736e+01,1.20026e+02,6.84992e+01,6.00736e+01,6.91678e-05,1.20026e+02,6.84992e+01,6.00736e+01,6.91678e-05,7.00000e-03,7.00000e-03,0.00000e+00,6.90018e+00,6.90018e+00,inf,1.64208e-01,1.64208e-01,-inf,1.34596e+01,9.63525e-07,9.63525e-07
1.14500e+00,1.19764e+02,6.87996e+01,6.00732e+01,1.19764e+02,6.87996e+01,6.00732e+01,7.15410e-05,1.19764e+02,6.87996e+01,6.00732e+01,7.15410e-05,7.00000e-03,7.00000e-03,0.00000e+00,6.86400e+00,6.86400e+00,inf,1.78678e-01,1.78678e-01,-inf,1.34741e+01,9.62942e-07,9.62942e-07
1.15000e+00,1.19501e+02,6.91000e+01,6.00727e+01,1.19501e+02,6.91000e+01,6.00727e+01,7.40128e-05,1.19501e+02,6.91000e+01,6.00727e+01,7.40128e-05,7.00000e-03,7.00000e-03,0.00000e+00,6.82759e+00,6.82759e+00,inf,1.93242e-01,1.93242e-01,-inf,1.34886e+01,9.62339e-07,9.62339e-07
1.15500e+00,1.19238e+02,6.94003e+01,6.00722e+01,1.19238e+02,6.94003e+01,6.00722e+01,7.65877e-05,1.19238e+02,6.94003e+01,6.00722e+01,7.65877e-05,7.00000e-03,7.00000e-03,0.00000e+00,6.79095e+00,6.79095e+00,inf,2.07900e-01,2.07900e-01,-inf,1.35033e+01,9.61715e-07,9.61715e-07
1.16000e+00,1.18976e+02,6.97007e+01,6.00717e+01,1.18976e+02,6.97007e+01,6.00717e+01,7.92705e-05,1.18976e+02,6.97007e+01,6.00717e+01,7.92705e-05,7.00000e-03,7.00000e-03,0.00000e+00,6.75407e+00,6.75407e+00,inf,2.22651e-01,2.22651e-01,-inf,1.35180e+01,9.61069e-07,9.61069e-07
1.16500e+00,1.18713e+02,7.00011e+01,6.00712e+01,1.18713e+02,7.00011e+01,6.00712e+01,8.20660e-05,1.18713e+02,7.00011e+01,6.00712e+01,8.20660e-05,7.00000e-03,7.00000e-03,0.00000e+00,6.71696e+00,6.71696e+00,inf,2.37494e-01,2.37494e-01,-inf,1.35329e+01,9.60402e-07,9.60402e-07
1.17000e+00,1.18451e+02,7.03014e+01,6.00707e+01,1.18451e+02,7.03014e+01,6.00707e+01,8.49796e-05,1.18451e+02,7.03014e+01,6.00707e+01,8.49796e-05,7.00000e-03,7.00000e-03,0.00000e+00,6.67962e+00,6.67962e+00,inf,2.52430e-01,2.52430e-01,-inf,1.35478e+01,9.59710e-07,9.59710e-07
1.17500e+00,1.18188e+02,7.06018e+01,6.00702e+01,1.18188e+02,7.06018e+01,6.00702e+01,8.80165e-05,1.18188e+02,7.06018e+01,6.00702e+01,8.80165e-05,7.00000e-03,7.00000e-03,0.00000e+00,6.64206e+00,6.64206e+00,inf,2.67456e-01,2.67456e-01,-inf,1.35629e+01,9.58995e-07,9.58995e-07
1.18000e+00,1.17925e+02,7.09021e+01,6.00696e+01,1.17925e+02,7.09021e+01,6.00696e+01,9.11825e-05,1.17925e+02,7.09021e+01,6.00696e+01,9.11825e-05,7.00000e-03,7.00000e-03,0.00000e+00,6.60427e+00,6.60427e+00,inf,2.82572e-01,2.82572e-01,-inf,1.35780e+01,9.58254e-07,9.58254e-07
1.18500e+00,1.17663e+02,7.12025e+01,6.00690e+01,1.17663e+02,7.12025e+01,6.00690e+01,9.44837e-05,1.17663e+02,7.12025e+01,6.00690e+01,9.44837e-05,7.00000e-03,7.00000e-03,0.00000e+00,6.56626e+00,6.56626e+00,inf,2.97777e-01,2.97777e-01,-inf,1.35932e+01,9.57486e-07,9.57486e-07
1.19000e+00,1.17400e+02,7.15028e+01,6.00684e+01,1.17400e+02,7.15028e+01,6.00684e+01,9.79263e-05,1.17400e+02,7.15028e+01,6.00684e+01,9.79263e-05,7.00000e-03,7.00000e-03,0.00000e+00,6.52802e+00,6.52802e+00,inf,3.13070e-01,3.13070e-01,-inf,1.36085e+01,9.56691e-07,9.56691e-07
1.19500e+00,1.17138e+02,7.18031e+01,6.00678e+01,1.17138e+02,7.18031e+01,6.00678e+01,1.01517e-04,1.17138e+02,7.18031e+01,6.00678e+01,1.01517e-04,7.00000e-03,7.00000e-03,0.00000e+00,6.48957e+00,6.48957e+00,inf,3.28451e-01,3.28451e-01,-inf,1.36239e+01,9.55868e-07,9.55868e-07
1.20000e+00,1.16875e+02,7.21035e+01,6.00672e+01,1.16875e+02,7.21035e+01,6.00672e+01,1.05262e-04,1.16875e+02,7.21035e+01,6.00672e+01,1.05262e-04,7.00000e-03,7.00000e-03,0.00000e+00,6.45090e+00,6.45090e+00,inf,3.43918e-01,3.43918e-01,-inf,1.36393e+01,9.55014e-07,9.55014e-07
1.20500e+00,1.16613e+02,7.24038e+01,6.00665e+01,1.16613e+02,7.24038e+01,6.00665e+01,1.09170e-04,1.16613e+02,7.24038e+01,6.00665e+01,1.09170e-04,7.00000e-03,7.00000e-03,0.00000e+00,6.41202e+00,6.41202e+00,inf,3.59471e-01,3.59471e-01,-inf,1.36549e+01,9.54129e-07,9.54129e-07
1.21000e+00,1.16350e+02,7.27041e+01,6.00658e+01,1.16350e+02,7.27041e+01,6.00658e+01,1.13247e-04,1.16350e+02,7.27041e+01,6.00658e+01,1.13247e-04,7.00000e-03,7.00000e-03,0.00000e+00,6.37293e+00,6.37293e+00,inf,3.75107e-01,3.75107e-01,-inf,1.36705e+01,9.53212e-07,9.53212e-07
1.21500e+00,1.16088e+02,7.30045e+01,6.00651e+01,1.16088e+02,7.30045e+01,6.00651e+01,1.17502e-04,1.16088e+02,7.30045e+01,6.00651e+01,1.17502e-04,7.00000e-03,7.00000e-03,0.00000e+00,6.33363e+00,6.33363e+00,inf,3.90827e-01,3.90827e-01,-inf,1.36863e+01,9.52261e-07,9.52261e-07
1.22000e+00,1.15825e+02,7.33048e+01,6.00643e+01,1.15825e+02,7.33048e+01,6.00643e+01,1.21943e-04,1.15825e+02,7.33048e+01,6.00643e+01,1.21943e-04,7.00000e-03,7.00000e-03,0.00000e+00,6.29413e+00,6.29413e+00,inf,4.06629e-01,4.06629e-01,-inf,1.37021e+01,9.51275e-07,9.51275e-07
1.22500e+00,1.15563e+02,7.36051e+01,6.00636e+01,1.15563e+02,7.36051e+01,6.00636e+01,1.26579e-04,1.15563e+02,7.36051e+01,6.00636e+01,1.26579e-04,7.00000e-03,7.00000e-03,0.00000e+00,6.25442e+00,6.25442e+00,inf,4.22512e-01,4.22512e-01,-inf,1.37180e+01,9.50252e-07,9.50252e-07
1.23000e+00,1.15300e+02,7.39054e+01,6.00628e+01,1.15300e+02,7.39054e+01,6.00628e+01,1.31419e-04,1.15300e+02,7.39054e+01,6.00628e+01,1.31419e-04,7.00000e-03,7.00000e-03,0.00000e+00,6.21451e+00,6.21451e+00,inf,4.38474e-01,4.38474e-01,-inf,1.37339e+01,9.49191e-07,9.49191e-07
1.23500e+00,1.15038e+02,7.42057e+01,6.00619e+01,1.15038e+02,7.42057e+01,6.00619e+01,1.36473e-04,1.15038e+02,7.42057e+01,6.00619e+01,1.36473e-04,7.00000e-03,7.00000e-03,0.00000e+00,6.17441e+00,6.17441e+00,inf,4.54515e-01,4.54515e-01,-inf,1.37500e+01,9.48090e-07,9.48090e-07
1.24000e+00,1.14775e+02,7.45060e+01,6.00610e+01,1.14775e+02,7.45060e+01,6.00610e+01,1.41751e-04,1.14775e+02,7.45060e+01,6.00610e+01,1.41751e-04,7.00000e-03,7.00000e-03,0.00000e+00,6.13412e+00,6.13412e+00,inf,4.70633e-01,4.70633e-01,-inf,1.37661e+01,9.46947e-07,9.46947e-07
1.24500e+00,1.14513e+02,7.48063e+01,6.00601e+01,1.14513e+02,7.48063e+01,6.00601e+01,1.47264e-04,1.14513e+02,7.48063e+01,6.00601e+01,1.47264e-04,7.00000e-03,7.00000e-03,0.00000e+00,6.09363e+00,6.09363e+00,inf,4.86827e-01,4.86827e-01,-inf,1.37823e+01,9.45760e-07,9.45760e-07
1.25000e+00,1.14250e+02,7.51066e+01,6.00592e+01,1.14250e+02,7.51066e+01,6.00592e+01,1.53022e-04,1.14250e+02,7.51066e+01,6.00592e+01,1.53022e-04,7.00000e-03,7.00000e-03,0.00000e+00,6.05296e+00,6.05296e+00,inf,5.03095e-01,5.03095e-01,-inf,1.37986e+01,9.44529e-07,9.44529e-07
1.25500e+00,1.13988e+02,7.54069e+01,6.00582e+01,1.13988e+02,7.54069e+01,6.00582e+01,1.59038e-04,1.13988e+02,7.54069e+01,6.00582e+01,1.59038e-04,7.00000e-03,7.00000e-03,0.00000e+00,6.01211e+00,6.01211e+00,inf,5.19436e-01,5.19436e-01,-inf,1.38149e+01,9.43250e-07,9.43250e-07
1.26000e+00,1.13725e+02,7.57072e+01,6.00572e+01,1.13725e+02,7.57072e+01,6.00572e+01,1.65323e-04,1.13725e+02,7.57072e+01,6.00572e+01,1.65323e-04,7.00000e-03,7.00000e-03,0.00000e+00,5.97108e+00,5.97108e+00,inf,5.35849e-01,5.35849e-01,-inf,1.38313e+01,9.41921e-07,9.41921e-07
1.26500e+00,1.13463e+02,7.60075e+01,6.00561e+01,1.13463e+02,7.60075e+01,6.00561e+01,1.71892e-04,1.13463e+02,7.60075e+01,6.00561e+01,1.71892e-04,7.00000e-03,7.00000e-03,0.00000e+00,5.92987e+00,5.92987e+00,inf,5.52332e-01,5.52332e-01,-inf,1.38478e+01,9.40542e-07,9.40542e-07
1.27000e+00,1.13200e+02,7.63078e+01,6.00550e+01,1.13200e+02,7.63078e+01,6.00550e+01,1.78757e-04,1.13200e+02,7.63078e+01,6.00550e+01,1.78757e-04,7.00000e-03,7.00000e-03,0.00000e+00,5.88849e+00,5.88849e+00,inf,5.68883e-01,5.68883e-01,-inf,1.38644e+01,9.39108e-07,9.39108e-07
1.27500e+00,1.12938e+02,7.66080e+01,6.00539e+01,1.12938e+02,7.66080e+01,6.00539e+01,1.85932e-04,1.12938e+02,7.66080e+01,6.00539e+01,1.85932e-04,7.00000e-03,7.00000e-03,0.00000e+00,5.84695e+00,5.84695e+00,inf,5.85501e-01,5.85501e-01,-inf,1.38810e+01,9.37619e-07,9.37619e-07
1.28000e+00,1.12675e+02,7.69083e+01,6.00527e+01,1.12675e+02,7.69083e+01,6.00527e+01,1.93434e-04,1.12675e+02,7.69083e+01,6.00527e+01,1.93434e-04,7.00000e-03,7.00000e-03,0.00000e+00,5.80524e+00,5.80524e+00,inf,6.02184e-01,6.02184e-01,-inf,1.38977e+01,9.36071e-07,9.36071e-07
1.28500e+00,1.12413e+02,7.72085e+01,6.00514e+01,1.12413e+02,7.72085e+01,6.00514e+01,2.01276e-04,1.12413e+02,7.72085e+01,6.00514e+01,2.01276e-04,7.00000e-03,7.00000e-03,0.00000e+00,5.76337e+00,5.76337e+00,inf,6.18930e-01,6.18930e-01,-inf,1.39144e+01,9.34463e-07,9.34463e-07
1.29000e+00,1.12151e+02,7.75088e+01,6.00501e+01,1.12151e+02,7.75088e+01,6.00501e+01,2.09477e-04,1.12151e+02,7.75088e+01,6.00501e+01,2.09477e-04,7.00000e-03,7.00000e-03,0.00000e+00,5.72135e+00,5.72135e+00,inf,6.35738e-01,6.35738e-01,-inf,1.39313e+01,9.32791e-07,9.32791e-07
1.29500e+00,1.11888e+02,7.78090e+01,6.00488e+01,1.11888e+02,7.78090e+01,6.00488e+01,2.18052e-04,1.11888e+02,7.78090e+01,6.00488e+01,2.18052e-04,7.00000e-03,7.00000e-03,0.00000e+00,5.67918e+00,5.67918e+00,inf,6.52606e-01,6.52606e-01,-inf,1.39481e+01,9.31052e-07,9.31052e-07
1.30000e+00,1.11626e+02,7.81093e+01,6.00474e+01,1.11626e+02,7.81093e+01,6.00474e+01,2.27022e-04,1.11626e+02,7.81093e+01,6.00474e+01,2.27022e-04,7.00000e-03,7.00000e-03,0.00000e+00,5.63687e+00,5.63687e+00,inf,6.69532e-01,6.69532e-01,-inf,1.39651e+01,9.29245e-07,9.29245e-07
1.30500e+00,1.11363e+02,7.84095e+01,6.00459e+01,1.11363e+02,7.84095e+01,6.00459e+01,2.36404e-04,1.11363e+02,7.84095e+01,6.00459e+01,2.36404e-04,7.00000e-03,7.00000e-03,0.00000e+00,5.59442e+00,5.59442e+00,inf,6.86513e-01,6.86513e-01,-inf,1.39821e+01,9.27365e-07,9.27365e-07
1.31000e+00,1.11101e+02,7.87097e+01,6.00444e+01,1.11101e+02,7.87097e+01,6.00444e+01,2.46218e-04,1.11101e+02,7.87097e+01,6.00444e+01,2.46218e-04,7.00000e-03,7.00000e-03,0.00000e+00,5.55183e+00,5.55183e+00,inf,7.03548e-01,7.03548e-01,-inf,1.39991e+01,9.25410e-07,9.25410e-07
1.31500e+00,1.10839e+02,7.90099e+01,6.00428e+01,1.10839e+02,7.90099e+01,6.00428e+01,2.56486e-04,1.10839e+02,7.90099e+01,6.00428e+01,2.56486e-04,7.00000e-03,7.00000e-03,0.00000e+00,5.50911e+00,5.50911e+00,inf,7.20635e-01,7.20635e-01,-inf,1.40162e+01,9.23376e-07,9.23376e-07
1.32000e+00,1.10576e+02,7.93101e+01,6.00411e+01,1.10576e+02,7.93101e+01,6.00411e+01,2.67230e-04,1.10576e+02,7.93101e+01,6.00411e+01,2.67230e-04,7.00000e-03,7.00000e-03,0.00000e+00,5.46627e+00,5.46627e+00,inf,7.37772e-01,7.37772e-01,-inf,1.40333e+01,9.21260e-07,9.21260e-07
1.32500e+00,1.10314e+02,7.96103e+01,6.00394e+01,1.10314e+02,7.96103e+01,6.00394e+01,2.78473e-04,1.10314e+02,7.96103e+01,6.00394e+01,2.78473e-04,7.00000e-03,7.00000e-03,0.00000e+00,5.42331e+00,5.42331e+00,inf,7.54955e-01,7.54955e-01,-inf,1.40505e+01,9.19059e-07,9.19059e-07
1.33000e+00,1.10052e+02,7.99105e+01,6.00376e+01,1.10052e+02,7.99105e+01,6.00376e+01,2.90240e-04,1.10052e+02,7.99105e+01,6.00376e+01,2.90240e-04,7.00000e-03,7.00000e-03,0.00000e+00,5.38024e+00,5.38024e+00,inf,7.72184e-01,7.72184e-01,-inf,1.40678e+01,9.16769e-07,9.16769e-07
1.33500e+00,1.09789e+02,8.02107e+01,6.00357e+01,1.09789e+02,8.02107e+01,6.00357e+01,3.02556e-04,1.09789e+02,8.02107e+01,6.00357e+01,3.02556e-04,7.00000e-03,7.00000e-03,0.00000e+00,5.33706e+00,5.33706e+00,inf,7.89455e-01,7.89455e-01,-inf,1.40851e+01,9.14385e-07,9.14385e-07
1.34000e+00,1.09527e+02,8.05109e+01,6.00337e+01,1.09527e+02,8.05109e+01,6.00337e+01,3.15448e-04,1.09527e+02,8.05109e+01,6.00337e+01,3.15448e-04,7.00000e-03,7.00000e-03,0.00000e+00,5.29378e+00,5.29378e+00,inf,8.06765e-01,8.06765e-01,-inf,1.41024e+01,9.11905e-07,9.11905e-07
1.34500e+00,1.09265e+02,8.08110e+01,6.00317e+01,1.09265e+02,8.08110e+01,6.00317e+01,3.28944e-04,1.09265e+02,8.08110e+01,6.00317e+01,3.28944e-04,7.00000e-03,7.00000e-03,0.00000e+00,5.25041e+00,5.25041e+00,inf,8.24113e-01,8.24113e-01,-inf,1.41197e+01,9.09323e-07,9.09323e-07
1.35000e+00,1.09002e+02,8.11112e+01,6.00296e+01,1.09002e+02,8.11112e+01,6.00296e+01,3.43074e-04,1.09002e+02,8.11112e+01,6.00296e+01,3.43074e-04,7.00000e-03,7.00000e-03,0.00000e+00,5.20696e+00,5.20696e+00,inf,8.41496e-01,8.41496e-01,-inf,1.41371e+01,9.06636e-07,9.06636e-07
1.35500e+00,1.08740e+02,8.14113e+01,6.00273e+01,1.08740e+02,8.14113e+01,6.00273e+01,3.57870e-04,1.08740e+02,8.14113e+01,6.00273e+01,3.57870e-04,7.00000e-03,7.00000e-03,0.00000e+00,5.16342e+00,5.16342e+00,inf,8.58910e-01,8.58910e-01,-inf,1.41546e+01,9.03838e-07,9.03838e-07
1.36000e+00,1.08478e+02,8.17114e+01,6.00250e+01,1.08478e+02,8.17114e+01,6.00250e+01,3.73363e-04,1.08478e+02,8.17114e+01,6.00250e+01,3.73363e-04,7.00000e-03,7.00000e-03,0.00000e+00,5.11981e+00,5.11981e+00,inf,8.76354e-01,8.76354e-01,-inf,1.41720e+01,9.00926e-07,9.00926e-07
1.36500e+00,1.08216e+02,8.20116e+01,6.00225e+01,1.08216e+02,8.20116e+01,6.00225e+01,3.89589e-04,1.08216e+02,8.20116e+01,6.00225e+01,3.89589e-04,7.00000e-03,7.00000e-03,0.00000e+00,5.07614e+00,5.07614e+00,inf,8.93823e-01,8.93823e-01,-inf,1.41895e+01,8.97894e-07,8.97894e-07
1.37000e+00,1.07953e+02,8.23117e+01,6.00200e+01,1.07953e+02,8.23117e+01,6.00200e+01,4.06583e-04,1.07953e+02,8.23117e+01,6.00200e+01,4.06583e-04,7.00000e-03,7.00000e-03,0.00000e+00,5.03241e+00,5.03241e+00,inf,9.11315e-01,9.11315e-01,-inf,1.42070e+01,8.94736e-07,8.94736e-07
1.37500e+00,1.07691e+02,8.26117e+01,6.00173e+01,1.07691e+02,8.26117e+01,6.00173e+01,4.24384e-04,1.07691e+02,8.26117e+01,6.00173e+01,4.24384e-04,7.00000e-03,7.00000e-03,0.00000e+00,4.98863e+00,4.98863e+00,inf,9.28826e-01,9.28826e-01,-inf,1.42245e+01,8.91449e-07,8.91449e-07
1.38000e+00,1.07429e+02,8.29118e+01,6.00145e+01,1.07429e+02,8.29118e+01,6.00145e+01,4.43031e-04,1.07429e+02,8.29118e+01,6.00145e+01,4.43031e-04,7.00000e-03,7.00000e-03,0.00000e+00,4.94481e+00,4.94481e+00,inf,9.46353e-01,9.46353e-01,-inf,1.42421e+01,8.88026e-07,8.88026e-07
1.38500e+00,1.07167e+02,8.32119e+01,6.00116e+01,1.07167e+02,8.32119e+01,6.00116e+01,4.62567e-04,1.07167e+02,8.32119e+01,6.00116e+01,4.62567e-04,7.00000e-03,7.00000e-03,0.00000e+00,4.90096e+00,4.90096e+00,inf,9.63893e-01,9.63893e-01,-inf,1.42596e+01,8.84462e-07,8.84462e-07
1.39000e+00,1.06905e+02,8.35119e+01,6.00086e+01,1.06905e+02,8.35119e+01,6.00086e+01,4.83034e-04,1.06905e+02,8.35119e+01,6.00086e+01,4.83034e-04,7.00000e-03,7.00000e-03,0.00000e+00,4.85709e+00,4.85709e+00,inf,9.81442e-01,9.81442e-01,-inf,1.42772e+01,8.80750e-07,8.80750e-07
1.39500e+00,1.06642e+02,8.38119e+01,6.00054e+01,1.06642e+02,8.38119e+01,6.00054e+01,5.04479e-04,1.06642e+02,8.38119e+01,6.00054e+01,5.04479e-04,7.00000e-03,7.00000e-03,0.00000e+00,4.81321e+00,4.81321e+00,inf,9.98996e-01,9.98996e-01,-inf,1.42948e+01,8.76885e-07,8.76885e-07
1.40000e+00,1.06380e+02,8.41120e+01,6.00021e+01,1.06380e+02,8.41120e+01,6.00021e+01,5.26952e-04,1.06380e+02,8.41120e+01,6.00021e+01,5.26952e-04,7.00000e-03,7.00000e-03,0.00000e+00,4.76932e+00,4.76932e+00,inf,1.01655e+00,1.01655e+00,-inf,1.43123e+01,8.72859e-07,8.72859e-07
1.40500e+00,1.06118e+02,8.44120e+01,5.99986e+01,1.06118e+02,8.44120e+01,5.99986e+01,5.50501e-04,1.06118e+02,8.44120e+01,5.99986e+01,5.50501e-04,7.00000e-03,7.00000e-03,0.00000e+00,4.72544e+00,4.72544e+00,inf,1.03410e+00,1.03410e+00,-inf,1.43299e+01,8.68668e-07,8.68668e-07
1.41000e+00,1.05856e+02,8.47119e+01,5.99949e+01,1.05856e+02,8.47119e+01,5.99949e+01,5.75182e-04,1.05856e+02,8.47119e+01,5.99949e+01,5.75182e-04,7.00000e-03,7.00000e-03,0.00000e+00,4.68158e+00,4.68158e+00,inf,1.05165e+00,1.05165e+00,-inf,1.43475e+01,8.64303e-07,8.64303e-07
1.41500e+00,1.05594e+02,8.50119e+01,5.99911e+01,1.05594e+02,8.50119e+01,5.99911e+01,6.01049e-04,1.05594e+02,8.50119e+01,5.99911e+01,6.01049e-04,7.00000e-03,7.00000e-03,0.00000e+00,4.63775e+00,4.63775e+00,inf,1.06918e+00,1.06918e+00,-inf,1.43650e+01,8.59757e-07,8.59757e-07
1.42000e+00,1.05332e+02,8.53118e+01,5.99871e+01,1.05332e+02,8.53118e+01,5.99871e+01,6.28162e-04,1.05332e+02,8.53118e+01,5.99871e+01,6.28162e-04,7.00000e-03,7.00000e-03,0.00000e+00,4.59396e+00,4.59396e+00,inf,1.08670e+00,1.08670e+00,-inf,1.43826e+01,8.55024e-07,8.55024e-07
1.42500e+00,1.05070e+02,8.56117e+01,5.99829e+01,1.05070e+02,8.56117e+01,5.99829e+01,6.56583e-04,1.05070e+02,8.56117e+01,5.99829e+01,6.56583e-04,7.00000e-03,7.00000e-03,0.00000e+00,4.55022e+00,4.55022e+00,inf,1.10419e+00,1.10419e+00,-inf,1.44001e+01,8.50096e-07,8.50096e-07
1.43000e+00,1.04808e+02,8.59116e+01,5.99786e+01,1.04808e+02,8.59116e+01,5.99786e+01,6.86377e-04,1.04808e+02,8.59116e+01,5.99786e+01,6.86377e-04,7.00000e-03,7.00000e-03,0.00000e+00,4.50655e+00,4.50655e+00,inf,1.12166e+00,1.12166e+00,-inf,1.44176e+01,8.44964e-07,8.44964e-07
1.43500e+00,1.04546e+02,8.62115e+01,5.99740e+01,1.04546e+02,8.62115e+01,5.99740e+01,7.17611e-04,1.04546e+02,8.62115e+01,5.99740e+01,7.17611e-04,7.00000e-03,7.00000e-03,0.00000e+00,4.46296e+00,4.46296e+00,inf,1.13910e+00,1.13910e+00,-inf,1.44350e+01,8.39622e-07,8.39622e-07
1.44000e+00,1.04284e+02,8.65113e+01,5.99691e+01,1.04284e+02,8.65113e+01,5.99691e+01,7.50358e-04,1.04284e+02,8.65113e+01,5.99691e+01,7.50358e-04,7.00000e-03,7.00000e-03,0.00000e+00,4.41946e+00,4.41946e+00,inf,1.15649e+00,1.15649e+00,-inf,1.44525e+01,8.34060e-07,8.34060e-07
1.44500e+00,1.04022e+02,8.68112e+01,5.99641e+01,1.04022e+02,8.68112e+01,5.99641e+01,7.84692e-04,1.04022e+02,8.68112e+01,5.99641e+01,7.84692e-04,7.00000e-03,7.00000e-03,0.00000e+00,4.37607e+00,4.37607e+00,inf,1.17385e+00,1.17385e+00,-inf,1.44699e+01,8.28270e-07,8.28270e-07
1.45000e+00,1.03760e+02,8.71110e+01,5.99588e+01,1.03760e+02,8.71110e+01,5.99588e+01,8.20692e-04,1.03760e+02,8.71110e+01,5.99588e+01,8.20692e-04,7.00000e-03,7.00000e-03,0.00000e+00,4.33281e+00,4.33281e+00,inf,1.19116e+00,1.19116e+00,-inf,1.44872e+01,8.22244e-07,8.22244e-07
1.45500e+00,1.03498e+02,8.74107e+01,5.99533e+01,1.03498e+02,8.74107e+01,5.99533e+01,8.58441e-04,1.03498e+02,8.74107e+01,5.99533e+01,8.58441e-04,7.00000e-03,7.00000e-03,0.00000e+00,4.28969e+00,4.28969e+00,inf,1.20840e+00,1.20840e+00,-inf,1.45045e+01,8.15973e-07,8.15973e-07
1.46000e+00,1.03236e+02,8.77105e+01,5.99475e+01,1.03236e+02,8.77105e+01,5.99475e+01,8.98026e-04,1.03236e+02,8.77105e+01,5.99475e+01,8.98026e-04,7.00000e-03,7.00000e-03,0.00000e+00,4.24672e+00,4.24672e+00,inf,1.22559e+00,1.22559e+00,-inf,1.45217e+01,8.09448e-07,8.09448e-07
1.46500e+00,1.02975e+02,8.80102e+01,5.99414e+01,1.02975e+02,8.80102e+01,5.99414e+01,9.39538e-04,1.02975e+02,8.80102e+01,5.99414e+01,9.39538e-04,7.00000e-03,7.00000e-03,0.00000e+00,4.20393e+00,4.20393e+00,inf,1.24271e+00,1.24271e+00,-inf,1.45388e+01,8.02658e-07,8.02658e-07
1.47000e+00,1.02713e+02,8.83098e+01,5.99350e+01,1.02713e+02,8.83098e+01,5.99350e+01,9.83072e-04,1.02713e+02,8.83098e+01,5.99350e+01,9.83072e-04,7.00000e-03,7.00000e-03,0.00000e+00,4.16133e+00,4.16133e+00,inf,1.25975e+00,1.25975e+00,-inf,1.45559e+01,7.95596e-07,7.95596e-07
1.47500e+00,1.02451e+02,8.86095e+01,5.99282e+01,1.02451e+02,8.86095e+01,5.99282e+01,1.02873e-03,1.02451e+02,8.86095e+01,5.99282e+01,1.02873e-03,7.00000e-03,7.00000e-03,0.00000e+00,4.11895e+00,4.11895e+00,inf,1.27670e+00,1.27670e+00,-inf,1.45729e+01,7.88250e-07,7.88250e-07
1.48000e+00,1.02189e+02,8.89091e+01,5.99212e+01,1.02189e+02,8.89091e+01,5.99212e+01,1.07661e-03,1.02189e+02,8.89091e+01,5.99212e+01,1.07661e-03,7.00000e-03,7.00000e-03,0.00000e+00,4.07680e+00,4.07680e+00,inf,1.29356e+00,1.29356e+00,-inf,1.45898e+01,7.80612e-07,7.80612e-07
1.48500e+00,1.01928e+02,8.92087e+01,5.99138e+01,1.01928e+02,8.92087e+01,5.99138e+01,1.12684e-03,1.01928e+02,8.92087e+01,5.99138e+01,1.12684e-03,7.00000e-03,7.00000e-03,0.00000e+00,4.03490e+00,4.03490e+00,inf,1.31032e+00,1.31032e+00,-inf,1.46066e+01,7.72672e-07,7.72672e-07
1.49000e+00,1.01666e+02,8.95082e+01,5.99060e+01,1.01666e+02,8.95082e+01,5.99060e+01,1.17951e-03,1.01666e+02,8.95082e+01,5.99060e+01,1.17951e-03,7.00000e-03,7.00000e-03,0.00000e+00,3.99329e+00,3.99329e+00,inf,1.32696e+00,1.32696e+00,-inf,1.46233e+01,7.64419e-07,7.64419e-07
1.49500e+00,1.01404e+02,8.98077e+01,5.98978e+01,1.01404e+02,8.98077e+01,5.98978e+01,1.23477e-03,1.01404e+02,8.98077e+01,5.98978e+01,1.23477e-03,7.00000e-03,7.00000e-03,0.00000e+00,3.95198e+00,3.95198e+00,inf,1.34349e+00,1.34349e+00,-inf,1.46399e+01,7.55844e-07,7.55844e-07
1.50000e+00,1.01143e+02,9.01071e+01,5.98892e+01,1.01143e+02,9.01071e+01,5.98892e+01,1.29272e-03,1.01143e+02,9.01071e+01,5.98892e+01,1.29272e-03,7.00000e-03,7.00000e-03,0.00000e+00,3.91100e+00,3.91100e+00,inf,1.35988e+00,1.35988e+00,-inf,1.46563e+01,7.46936e-07,7.46936e-07
1.50500e+00,1.00881e+02,9.04065e+01,5.98802e+01,1.00881e+02,9.04065e+01,5.98802e+01,1.35352e-03,1.00881e+02,9.04065e+01,5.98802e+01,1.35352e-03,7.00000e-03,7.00000e-03,0.00000e+00,3.87037e+00,3.87037e+00,inf,1.37613e+00,1.37613e+00,-inf,1.46726e+01,7.37686e-07,7.37686e-07
1.51000e+00,1.00620e+02,9.07059e+01,5.98707e+01,1.00620e+02,9.07059e+01,5.98707e+01,1.41728e-03,1.00620e+02,9.07059e+01,5.98707e+01,1.41728e-03,7.00000e-03,7.00000e-03,0.00000e+00,3.83013e+00,3.83013e+00,inf,1.39223e+00,1.39223e+00,-inf,1.46888e+01,7.28083e-07,7.28083e-07
1.51500e+00,1.00358e+02,9.10052e+01,5.98607e+01,1.00358e+02,9.10052e+01,5.98607e+01,1.48417e-03,1.00358e+02,9.10052e+01,5.98607e+01,1.48417e-03,7.00000e-03,7.00000e-03,0.00000e+00,3.79031e+00,3.79031e+00,inf,1.40815e+00,1.40815e+00,-inf,1.47048e+01,7.18119e-07,7.18119e-07
1.52000e+00,1.00097e+02,9.13044e+01,5.98502e+01,1.00097e+02,9.13044e+01,5.98502e+01,1.55434e-03,1.00097e+02,9.13044e+01,5.98502e+01,1.55434e-03,7.00000e-03,7.00000e-03,0.00000e+00,3.75094e+00,3.75094e+00,inf,1.42390e+00,1.42390e+00,-inf,1.47206e+01,7.07783e-07,7.07783e-07
1.52500e+00,9.98356e+01,9.16036e+01,5.98392e+01,9.98356e+01,9.16036e+01,5.98392e+01,1.62795e-03,9.98356e+01,9.16036e+01,5.98392e+01,1.62795e-03,7.00000e-03,7.00000e-03,0.00000e+00,3.71205e+00,3.71205e+00,inf,1.43946e+00,1.43946e+00,-inf,1.47362e+01,6.97066e-07,6.97066e-07
1.53000e+00,9.95743e+01,9.19028e+01,5.98276e+01,9.95743e+01,9.19028e+01,5.98276e+01,1.70516e-03,9.95743e+01,9.19028e+01,5.98276e+01,1.70516e-03,7.00000e-03,7.00000e-03,0.00000e+00,3.67368e+00,3.67368e+00,inf,1.45481e+00,1.45481e+00,-inf,1.47516e+01,6.85959e-07,6.85959e-07
1.53500e+00,9.93131e+01,9.22018e+01,5.98153e+01,9.93131e+01,9.22018e+01,5.98153e+01,1.78615e-03,9.93131e+01,9.22018e+01,5.98153e+01,1.78615e-03,7.00000e-03,7.00000e-03,0.00000e+00,3.63586e+00,3.63586e+00,inf,1.46993e+00,1.46993e+00,-inf,1.47668e+01,6.74453e-07,6.74453e-07
1.54000e+00,9.90519e+01,9.25009e+01,5.98024e+01,9.90519e+01,9.25009e+01,5.98024e+01,1.87111e-03,9.90519e+01,9.25009e+01,5.98024e+01,1.87111e-03,7.00000e-03,7.00000e-03,0.00000e+00,3.59865e+00,3.59865e+00,inf,1.48482e+00,1.48482e+00,-inf,1.47818e+01,6.62541e-07,6.62541e-07
1.54500e+00,9.87908e+01,9.27998e+01,5.97888e+01,9.87908e+01,9.27998e+01,5.97888e+01,1.96024e-03,9.87908e+01,9.27998e+01,5.97888e+01,1.96024e-03,7.00000e-03,7.00000e-03,0.00000e+00,3.56208e+00,3.56208e+00,inf,1.49945e+00,1.49945e+00,-inf,1.47965e+01,6.50216e-07,6.50216e-07
1.55000e+00,9.85298e+01,9.30987e+01,5.97744e+01,9.85298e+01,9.30987e+01,5.97744e+01,2.05372e-03,9.85298e+01,9.30987e+01,5.97744e+01,2.05372e-03,7.00000e-03,7.00000e-03,0.00000e+00,3.52621e+00,3.52621e+00,inf,1.51380e+00,1.51380e+00,-inf,1.48109e+01,6.37470e-07,6.37470e-07
1.55500e+00,9.82688e+01,9.33975e+01,5.97593e+01,9.82688e+01,9.33975e+01,5.97593e+01,2.15178e-03,9.82688e+01,9.33975e+01,5.97593e+01,2.15178e-03,7.00000e-03,7.00000e-03,0.00000e+00,3.49107e+00,3.49107e+00,inf,1.52785e+00,1.52785e+00,-inf,1.48250e+01,6.24298e-07,6.24298e-07
1.56000e+00,9.80079e+01,9.36962e+01,5.97433e+01,9.80079e+01,9.36962e+01,5.97433e+01,2.25464e-03,9.80079e+01,9.36962e+01,5.97433e+01,2.25464e-03,7.00000e-03,7.00000e-03,0.00000e+00,3.45673e+00,3.45673e+00,inf,1.54159e+00,1.54159e+00,-inf,1.48389e+01,6.10696e-07,6.10696e-07
1.56500e+00,9.77471e+01,9.39948e+01,5.97265e+01,9.77471e+01,9.39948e+01,5.97265e+01,2.36252e-03,9.77471e+01,9.39948e+01,5.97265e+01,2.36252e-03,7.00000e-03,7.00000e-03,0.00000e+00,3.42325e+00,3.42325e+00,inf,1.55498e+00,1.55498e+00,-inf,1.48524e+01,5.96660e-07,5.96660e-07
1.57000e+00,9.74863e+01,9.42934e+01,5.97087e+01,9.74863e+01,9.42934e+01,5.97087e+01,2.47567e-03,9.74863e+01,9.42934e+01,5.97087e+01,2.47567e-03,7.00000e-03,7.00000e-03,0.00000e+00,3.39068e+00,3.39068e+00,inf,1.56801e+00,1.56801e+00,-inf,1.48655e+01,5.82187e-07,5.82187e-07
1.57500e+00,9.72257e+01,9.45918e+01,5.96899e+01,9.72257e+01,9.45918e+01,5.96899e+01,2.59434e-03,9.72257e+01,9.45918e+01,5.96899e+01,2.59434e-03,7.00000e-03,7.00000e-03,0.00000e+00,3.35910e+00,3.35910e+00,inf,1.58064e+00,1.58064e+00,-inf,1.48782e+01,5.67278e-07,5.67278e-07
1.58000e+00,9.69651e+01,9.48902e+01,5.96700e+01,9.69651e+01,9.48902e+01,5.96700e+01,2.71880e-03,9.69651e+01,9.48902e+01,5.96700e+01,2.71880e-03,7.00000e-03,7.00000e-03,0.00000e+00,3.32857e+00,3.32857e+00,inf,1.59285e+00,1.59285e+00,-inf,1.48906e+01,5.51934e-07,5.51934e-07
1.58500e+00,9.67046e+01,9.51884e+01,5.96490e+01,9.67046e+01,9.51884e+01,5.96490e+01,2.84931e-03,9.67046e+01,9.51884e+01,5.96490e+01,2.84931e-03,7.00000e-03,7.00000e-03,0.00000e+00,3.29918e+00,3.29918e+00,inf,1.60461e+00,1.60461e+00,-inf,1.49024e+01,5.36157e-07,5.36157e-07
1.59000e+00,9.64443e+01,9.54865e+01,5.96267e+01,9.64443e+01,9.54865e+01,5.96267e+01,2.98616e-03,9.64443e+01,9.54865e+01,5.96267e+01,2.98616e-03,7.00000e-03,7.00000e-03,0.00000e+00,3.27100e+00,3.27100e+00,inf,1.61588e+00,1.61588e+00,-inf,1.49138e+01,5.19953e-07,5.19953e-07
1.59500e+00,9.61840e+01,9.57846e+01,5.96032e+01,9.61840e+01,9.57846e+01,5.96032e+01,3.12965e-03,9.61840e+01,9.57846e+01,5.96032e+01,3.12965e-03,7.00000e-03,7.00000e-03,0.00000e+00,3.24413e+00,3.24413e+00,inf,1.62663e+00,1.62663e+00,-inf,1.49247e+01,5.03329e-07,5.03329e-07
1.60000e+00,9.59239e+01,9.60824e+01,5.95782e+01,9.59239e+01,9.60824e+01,5.95782e+01,3.28009e-03,9.59239e+01,9.60824e+01,5.95782e+01,3.28009e-03,7.00000e-03,7.00000e-03,0.00000e+00,3.21867e+00,3.21867e+00,inf,1.63681e+00,1.63681e+00,-inf,1.49350e+01,4.86297e-07,4.86297e-07
1.60500e+00,9.56638e+01,9.63802e+01,5.95518e+01,9.56638e+01,9.63802e+01,5.95518e+01,3.43779e-03,9.56638e+01,9.63802e+01,5.95518e+01,3.43779e-03,7.00000e-03,7.00000e-03,0.00000e+00,3.19472e+00,3.19472e+00,inf,1.64639e+00,1.64639e+00,-inf,1.49448e+01,4.68869e-07,4.68869e-07
1.61000e+00,9.54039e+01,9.66778e+01,5.95237e+01,9.54039e+01,9.66778e+01,5.95237e+01,3.60310e-03,9.54039e+01,9.66778e+01,5.95237e+01,3.60310e-03,7.00000e-03,7.00000e-03,0.00000e+00,3.17241e+00,3.17241e+00,inf,1.65532e+00,1.65532e+00,-inf,1.49539e+01,4.51063e-07,4.51063e-07
1.61500e+00,9.51442e+01,9.69753e+01,5.94939e+01,9.51442e+01,9.69753e+01,5.94939e+01,3.77635e-03,9.51442e+01,9.69753e+01,5.94939e+01,3.77635e-03,7.00000e-03,7.00000e-03,0.00000e+00,3.15185e+00,3.15185e+00,inf,1.66354e+00,1.66354e+00,-inf,1.49623e+01,4.32897e-07,4.32897e-07
1.62000e+00,9.48845e+01,9.72726e+01,5.94622e+01,9.48845e+01,9.72726e+01,5.94622e+01,3.95790e-03,9.48845e+01,9.72726e+01,5.94622e+01,3.95790e-03,7.00000e-03,7.00000e-03,0.00000e+00,3.13320e+00,3.13320e+00,inf,1.67100e+00,1.67100e+00,-inf,1.49699e+01,4.14397e-07,4.14397e-07
1.62500e+00,9.46250e+01,9.75697e+01,5.94285e+01,9.46250e+01,9.75697e+01,5.94285e+01,4.14811e-03,9.46250e+01,9.75697e+01,5.94285e+01,4.14811e-03,7.00000e-03,7.00000e-03,0.00000e+00,3.11659e+00,3.11659e+00,inf,1.67764e+00,1.67764e+00,-inf,1.49767e+01,3.95590e-07,3.95590e-07
1.63000e+00,9.43657e+01,9.78667e+01,5.93927e+01,9.43657e+01,9.78667e+01,5.93927e+01,4.34737e-03,9.43657e+01,9.78667e+01,5.93927e+01,4.34737e-03,7.00000e-03,7.00000e-03,0.00000e+00,3.10221e+00,3.10221e+00,inf,1.68340e+00,1.68340e+00,-inf,1.49827e+01,3.76508e-07,3.76508e-07
1.63500e+00,9.41066e+01,9.81635e+01,5.93545e+01,9.41066e+01,9.81635e+01,5.93545e+01,4.55607e-03,9.41066e+01,9.81635e+01,5.93545e+01,4.55607e-03,7.00000e-03,7.00000e-03,0.00000e+00,3.09023e+00,3.09023e+00,inf,1.68819e+00,1.68819e+00,-inf,1.49877e+01,3.57190e-07,3.57190e-07
1.64000e+00,9.38476e+01,9.84600e+01,5.93138e+01,9.38476e+01,9.84600e+01,5.93138e+01,4.77459e-03,9.38476e+01,9.84600e+01,5.93138e+01,4.77459e-03,7.00000e-03,7.00000e-03,0.00000e+00,3.08087e+00,3.08087e+00,inf,1.69193e+00,1.69193e+00,-inf,1.49917e+01,3.37677e-07,3.37677e-07
1.64500e+00,9.35888e+01,9.87564e+01,5.92702e+01,9.35888e+01,9.87564e+01,5.92702e+01,5.00335e-03,9.35888e+01,9.87564e+01,5.92702e+01,5.00335e-03,7.00000e-03,7.00000e-03,0.00000e+00,3.07434e+00,3.07434e+00,inf,1.69454e+00,1.69454e+00,-inf,1.49946e+01,3.18017e-07,3.18017e-07
1.65000e+00,9.33303e+01,9.90525e+01,5.92237e+01,9.33303e+01,9.90525e+01,5.92237e+01,5.24275e-03,9.33303e+01,9.90525e+01,5.92237e+01,5.24275e-03,7.00000e-03,7.00000e-03,0.00000e+00,3.07092e+00,3.07092e+00,inf,1.69591e+00,1.69591e+00,-inf,1.49962e+01,2.98264e-07,2.98264e-07
1.65500e+00,9.30719e+01,9.93484e+01,5.91740e+01,9.30719e+01,9.93484e+01,5.91740e+01,5.49321e-03,9.30719e+01,9.93484e+01,5.91740e+01,5.49321e-03,7.00000e-03,7.00000e-03,0.00000e+00,3.07087e+00,3.07087e+00,inf,1.69593e+00,1.69593e+00,-inf,1.49965e+01,2.78476e-07,2.78476e-07
1.66000e+00,9.28138e+01,9.96440e+01,5.91206e+01,9.28138e+01,9.96440e+01,5.91206e+01,5.75515e-03,9.28138e+01,9.96440e+01,5.91206e+01,5.75515e-03,7.00000e-03,7.00000e-03,0.00000e+00,3.07453e+00,3.07453e+00,inf,1.69447e+00,1.69447e+00,-inf,1.49954e+01,2.58718e-07,2.58718e-07
1.66500e+00,9.25559e+01,9.99393e+01,5.90633e+01,9.25559e+01,9.99393e+01,5.90633e+01,6.02897e-03,9.25559e+01,9.99393e+01,5.90633e+01,6.02897e-03,7.00000e-03,7.00000e-03,0.00000e+00,3.08225e+00,3.08225e+00,inf,1.69138e+00,1.69138e+00,-inf,1.49926e+01,2.39060e-07,2.39060e-07
1.67000e+00,0.00000e+00,0.00000e+00,0.00000e+00,nan,nan,nan,nan,9.22983e+01,1.00234e+02,5.90017e+01,6.31507e-03,7.00000e-03,7.00000e-03,0.00000e+00,3.09444e+00,3.09444e+00,inf,1.68650e+00,1.68650e+00,-inf,1.49881e+01,0.00000e+00,2.19581e-07
